organism,orgId,locusId,sysName,locus_tag,protein_id,uniprotId,scaffoldId,begin,end,strand,name,desc,GC,nReads,normreads,nPosCentral,dens,geneClass
Shewanella oneidensis MR-1,MR1,199201,SO0004,SO_0004,NP_715646.1,sp|Q8EKT6|YIDC_SHEON,139,4058,5683,-,,"inner membrane protein, 60 kDa (NCBI ptt file)",0.4557,4,0.001730553583138,0,0,Arole
Shewanella oneidensis MR-1,MR1,199203,SO0006,SO_0006,NP_715648.1,sp|Q8EKT4|RNPA_SHEON,139,5908,6264,-,rnpA,ribonuclease P protein component (NCBI ptt file),0.4482,0,0,0,0,Arole
Shewanella oneidensis MR-1,MR1,199205,SO0008,SO_0008,NP_715650.1,sp|Q8EKT2|DNAA_SHEON,139,6873,8255,+,dnaA,chromosomal replication initiator protein DnaA (NCBI ptt file),0.4461,0,0,0,0,Arole
Shewanella oneidensis MR-1,MR1,199206,SO0009,SO_0009,NP_715651.1,tr|Q8EKT1|Q8EKT1_SHEON,139,8276,9376,+,dnaN,"DNA polymerase III, beta subunit (NCBI ptt file)",0.446,199,0.155372500463334,0,0,Arole
Shewanella oneidensis MR-1,MR1,199208,SO0011,SO_0011,NP_715653.1,tr|Q8EKS9|Q8EKS9_SHEON,139,10638,13055,+,gyrB,"DNA gyrase, B subunit (NCBI ptt file)",0.4653,0,0,0,0,Arole
Shewanella oneidensis MR-1,MR1,199211,SO0014,SO_0014,NP_715656.1,sp|Q8EKS6|SYGB_SHEON,139,15180,17246,-,glyS,"glycyl-tRNA synthetase, beta subunit (NCBI ptt file)",0.4804,0,0,0,0,Arole
Shewanella oneidensis MR-1,MR1,199212,SO0015,SO_0015,NP_715657.1,sp|Q8EKS5|SYGA_SHEON,139,17256,18161,-,glyQ,"glycyl-tRNA synthetase, alpha subunit (NCBI ptt file)",0.4989,0,0,0,0,Arole
Shewanella oneidensis MR-1,MR1,199216,SO0019,SO_0019,NP_715661.1,sp|Q8EKS1|TUSA_SHEON,139,22815,23060,-,,conserved hypothetical protein (NCBI ptt file),0.4634,0,0,0,0,Dhypo
Shewanella oneidensis MR-1,MR1,199228,SO0031,SO_0031,NP_715673.1,sp|Q8EKQ9|FMT_SHEON,139,36420,37376,-,fmt,methionyl-tRNA formyltransferase (NCBI ptt file),0.511,77,0.050272759121165,0,0,Arole
Shewanella oneidensis MR-1,MR1,199234,SO0037,SO_0037,NP_715679.1,sp|Q8EKQ3|TSAC_SHEON,139,41557,42123,+,,Sua5/YciO/YrdC/YwlC family protein (NCBI ptt file),0.485,0,0,0,0,Arole
Shewanella oneidensis MR-1,MR1,199246,SO0049,SO_0049,NP_715691.1,sp|P59175|GPMI_SHEON,139,55600,57144,-,gpmA,"phosphoglycerate mutase, 2,3-bisphosphoglycerate-independent (NCBI ptt file)",0.51,6,0.002426479913199,1,0.030291262135922,Arole
Shewanella oneidensis MR-1,MR1,199249,SO0052,SO_0052,NP_715694.1,sp|Q8EKP0|SECB_SHEON,139,58105,58578,+,secB,protein-export protein SecB (NCBI ptt file),0.4684,0,0,0,0,Arole
Shewanella oneidensis MR-1,MR1,199250,SO0053,SO_0053,NP_715695.1,sp|Q8EKN9|GPDA_SHEON,139,58583,59599,+,gpsA,glycerol-3-phosphate dehydrogenase (NAD(P)+) (NCBI ptt file),0.5113,29,0.017314351673721,4,0.184070796460177,Bspecific
Shewanella oneidensis MR-1,MR1,199408,SO0213,SO_0213,NP_715853.1,sp|Q8EK85|MURB_SHEON,139,223639,224664,+,murB,UDP-N-acetylenolpyruvoylglucosamine reductase (NCBI ptt file),0.4464,0,0,0,0,Arole
Shewanella oneidensis MR-1,MR1,199409,SO0214,SO_0214,NP_715854.1,tr|Q8EK84|Q8EK84_SHEON,139,224657,225616,+,birA,birA bifunctional protein (NCBI ptt file),0.4427,0,0,0,0,Arole
Shewanella oneidensis MR-1,MR1,199410,SO0215,SO_0215,NP_715855.1,sp|Q8EK83|COAA_SHEON,139,225619,226569,-,panK,pantothenate kinase (NCBI ptt file),0.4406,0,0,0,0,Arole
Shewanella oneidensis MR-1,MR1,199413,SO0218,SO_0218,NP_715858.1,tr|Q8EK80|Q8EK80_SHEON,139,228741,229112,+,secE,"preprotein translocase, SecE subunit (NCBI ptt file)",0.4462,0,0,0,0,Arole
Shewanella oneidensis MR-1,MR1,199414,SO0219,SO_0219,NP_715859.1,tr|Q8EK79|Q8EK79_SHEON,139,229122,229673,+,nusG,transcription antitermination protein NusG (NCBI ptt file),0.4475,0,0,0,0,Arole
Shewanella oneidensis MR-1,MR1,199415,SO0220,SO_0220,NP_715860.1,sp|Q8EK78|RL11_SHEON,139,229801,230229,+,rplK,ribosomal protein L11 (NCBI ptt file),0.4452,0,0,0,0,Arole
Shewanella oneidensis MR-1,MR1,199416,SO0221,SO_0221,NP_715861.1,sp|Q8EK77|RL1_SHEON,139,230234,230935,+,rplA,ribosomal protein L1 (NCBI ptt file),0.443,0,0,0,0,Arole
Shewanella oneidensis MR-1,MR1,199417,SO0222,SO_0222,NP_715862.1,sp|Q8EK76|RL10_SHEON,139,231201,231701,+,rplJ,ribosomal protein L10 (NCBI ptt file),0.479,0,0,0,0,Bspecific
Shewanella oneidensis MR-1,MR1,199418,SO0223,SO_0223,NP_715863.1,sp|Q8EK75|RL7_SHEON,139,231756,232124,+,rplL,ribosomal protein L7/L12 (NCBI ptt file),0.4417,0,0,0,0,Arole
Shewanella oneidensis MR-1,MR1,199419,SO0224,SO_0224,NP_715864.1,sp|Q8EK74|RPOB_SHEON,139,232367,236404,+,rpoB,"DNA-directed RNA polymerase, beta subunit (NCBI ptt file)",0.4745,6,0.001077192992699,0,0,Arole
Shewanella oneidensis MR-1,MR1,199420,SO0225,SO_0225,NP_715865.1,sp|Q8EK73|RPOC_SHEON,139,236488,240705,+,rpoC,"DNA-directed RNA polymerase, beta' subunit (NCBI ptt file)",0.4886,30,0.004889758179232,0,0,Arole
Shewanella oneidensis MR-1,MR1,199421,SO0226,SO_0226,NP_715866.1,sp|P59166|RS12_SHEON,139,240885,241259,+,rpsL,ribosomal protein S12 (NCBI ptt file),0.4987,0,0,0,0,Arole
Shewanella oneidensis MR-1,MR1,199422,SO0227,SO_0227,NP_715867.1,sp|Q8EK72|RS7_SHEON,139,241340,241810,+,rpsG,ribosomal protein S7 (NCBI ptt file),0.4692,0,0,0,0,Arole
Shewanella oneidensis MR-1,MR1,199423,SO0228,SO_0228,NP_715868.1,sp|Q8EK71|EFG1_SHEON,139,241889,243985,+,fusA-1,translation elongation factor G (NCBI ptt file),0.4726,2,0.00076171456187,0,0,Bspecific
Shewanella oneidensis MR-1,MR1,199425,SO0230,SO_0230,NP_715870.1,sp|Q8EK69|RS10_SHEON,139,245573,245884,+,rpsJ,ribosomal protein S10 (NCBI ptt file),0.4647,0,0,0,0,Arole
Shewanella oneidensis MR-1,MR1,199426,SO0231,SO_0231,NP_715871.1,sp|Q8EK68|RL3_SHEON,139,245912,246550,+,rplC,ribosomal protein L3 (NCBI ptt file),0.4695,0,0,0,0,Bspecific
Shewanella oneidensis MR-1,MR1,199427,SO0232,SO_0232,NP_715872.1,sp|Q8EK67|RL4_SHEON,139,246568,247173,+,rplD,ribosomal protein L4 (NCBI ptt file),0.4901,0,0,0,0,Arole
Shewanella oneidensis MR-1,MR1,199428,SO0233,SO_0233,NP_715873.1,sp|Q8EK66|RL23_SHEON,139,247170,247475,+,rplW,ribosomal protein L23 (NCBI ptt file),0.451,0,0,0,0,Bspecific
Shewanella oneidensis MR-1,MR1,199429,SO0234,SO_0234,NP_715874.1,sp|Q8EK65|RL2_SHEON,139,247492,248316,+,rplB,ribosomal protein L2 (NCBI ptt file),0.4982,0,0,0,0,Arole
Shewanella oneidensis MR-1,MR1,199430,SO0235,SO_0235,NP_715875.1,sp|Q8EK64|RS19_SHEON,139,248331,248609,+,rpsS,ribosomal protein S19 (NCBI ptt file),0.4695,0,0,0,0,Arole
Shewanella oneidensis MR-1,MR1,199431,SO0236,SO_0236,NP_715876.1,sp|Q8EK63|RL22_SHEON,139,248625,248957,+,rplV,ribosomal protein L22 (NCBI ptt file),0.4955,0,0,0,0,Arole
Shewanella oneidensis MR-1,MR1,199432,SO0237,SO_0237,NP_715877.1,sp|P59183|RS3_SHEON,139,248967,249659,+,rpsC,ribosomal protein S3 (NCBI ptt file),0.4776,0,0,0,0,Arole
Shewanella oneidensis MR-1,MR1,199433,SO0238,SO_0238,NP_715878.1,sp|Q8EK62|RL16_SHEON,139,249671,250081,+,rplP,ribosomal protein L16 (NCBI ptt file),0.4623,0,0,0,0,Arole
Shewanella oneidensis MR-1,MR1,199435,SO0240,SO_0240,NP_715880.1,sp|Q8EK60|RS17_SHEON,139,250272,250520,+,rpsQ,ribosomal protein S17 (NCBI ptt file),0.4217,0,0,0,0,Arole
Shewanella oneidensis MR-1,MR1,199436,SO0241,SO_0241,NP_715881.1,sp|Q8EK59|RL14_SHEON,139,250698,251066,+,rplN,ribosomal protein L14 (NCBI ptt file),0.4715,0,0,0,0,Arole
Shewanella oneidensis MR-1,MR1,199437,SO0242,SO_0242,NP_715882.1,sp|Q8EK58|RL24_SHEON,139,251078,251392,+,rplX,ribosomal protein L24 (NCBI ptt file),0.4254,0,0,0,0,Arole
Shewanella oneidensis MR-1,MR1,199438,SO0243,SO_0243,NP_715883.1,sp|Q8EK57|RL5_SHEON,139,251405,251944,+,rplE,ribosomal protein L5 (NCBI ptt file),0.4519,0,0,0,0,Bspecific
Shewanella oneidensis MR-1,MR1,199439,SO0244,SO_0244,NP_715884.1,sp|Q8EK56|RS14_SHEON,139,251955,252260,+,rpsN,ribosomal protein S14 (NCBI ptt file),0.4804,0,0,0,0,Bspecific
Shewanella oneidensis MR-1,MR1,199440,SO0245,SO_0245,NP_715885.1,sp|Q8EK55|RS8_SHEON,139,252285,252677,+,rpsH,ribosomal protein S8 (NCBI ptt file),0.4733,0,0,0,0,Bspecific
Shewanella oneidensis MR-1,MR1,199441,SO0246,SO_0246,NP_715886.1,sp|Q8EK54|RL6_SHEON,139,252688,253221,+,rplF,ribosomal protein L6 (NCBI ptt file),0.485,0,0,0,0,Arole
Shewanella oneidensis MR-1,MR1,199442,SO0247,SO_0247,NP_715887.1,sp|Q8EK53|RL18_SHEON,139,253232,253582,+,rplR,ribosomal protein L18 (NCBI ptt file),0.5043,0,0,0,0,Arole
Shewanella oneidensis MR-1,MR1,199443,SO0248,SO_0248,NP_715888.1,sp|P59124|RS5_SHEON,139,253595,254098,+,rpsE,ribosomal protein S5 (NCBI ptt file),0.4722,0,0,0,0,Arole
Shewanella oneidensis MR-1,MR1,199445,SO0250,SO_0250,NP_715890.1,sp|Q8EK51|RL15_SHEON,139,254291,254725,+,rplO,ribosomal protein L15 (NCBI ptt file),0.4874,0,0,0,0,Arole
Shewanella oneidensis MR-1,MR1,199446,SO0251,SO_0251,NP_715891.1,tr|Q8EK50|Q8EK50_SHEON,139,254733,256073,+,secY,"preprotein translocase, SecY subunit (NCBI ptt file)",0.4348,0,0,0,0,Arole
Shewanella oneidensis MR-1,MR1,199448,SO0253,SO_0253,NP_715893.1,sp|Q8EK48|RS13_SHEON,139,256323,256679,+,rpsM,ribosomal protein S13 (NCBI ptt file),0.479,0,0,0,0,Arole
Shewanella oneidensis MR-1,MR1,199449,SO0254,SO_0254,NP_715894.1,sp|P59375|RS11_SHEON,139,256694,257086,+,rpsK,ribosomal protein S11 (NCBI ptt file),0.4835,0,0,0,0,Arole
Shewanella oneidensis MR-1,MR1,199450,SO0255,SO_0255,NP_715895.1,sp|P59131|RS4_SHEON,139,257118,257738,+,rpsD,ribosomal protein S4 (NCBI ptt file),0.4461,0,0,0,0,Arole
Shewanella oneidensis MR-1,MR1,199451,SO0256,SO_0256,NP_715896.1,sp|Q8EK47|RPOA_SHEON,139,257763,258752,+,rpoA,"DNA-directed RNA polymerase, alpha subunit (NCBI ptt file)",0.4798,0,0,0,0,Arole
Shewanella oneidensis MR-1,MR1,199452,SO0257,SO_0257,NP_715897.1,sp|Q8EK46|RL17_SHEON,139,258793,259188,+,rplQ,ribosomal protein L17 (NCBI ptt file),0.4975,0,0,0,0,Arole
Shewanella oneidensis MR-1,MR1,199475,SO0280,SO_0280,NP_715920.1,tr|Q8EK26|Q8EK26_SHEON,139,286053,288572,-,mrcA,penicillin-binding protein 1A (NCBI ptt file),0.4813,50,0.014270521335243,1,0.018571428571429,Arole
Shewanella oneidensis MR-1,MR1,199484,SO0289,SO_0289,NP_715929.1,tr|Q8EK17|Q8EK17_SHEON,139,296921,297760,+,dam,DNA adenine methylase (NCBI ptt file),0.4512,0,0,0,0,Arole
Shewanella oneidensis MR-1,MR1,199489,SO0294,SO_0294,NP_715934.1,sp|Q8EK12|SYW_SHEON,139,300003,301001,+,trpS,tryptophanyl-tRNA synthetase (NCBI ptt file),0.4965,0,0,0,0,Arole
Shewanella oneidensis MR-1,MR1,199495,SO0300,SO_0300,NP_715940.1,tr|Q8EK06|Q8EK06_SHEON,139,304630,306489,-,,"lipoprotein, putative (NCBI ptt file)",0.5032,11,0.004321039755069,3,0.075646551724138,Bspecific
Shewanella oneidensis MR-1,MR1,199556,SO0361,SO_0361,NP_716001.1,sp|Q8EJU6|KGUA_SHEON,139,370741,371364,-,gmk,guanylate kinase (NCBI ptt file),0.4968,89,0.09894315077106,0,0,Arole
Shewanella oneidensis MR-1,MR1,199606,SO0413,SO_0413,NP_716051.1,sp|Q8EJP9|COAE_SHEON,139,428222,428839,-,,"kinase, putative (NCBI ptt file)",0.4531,13,0.017049180327869,0,0,Arole
Shewanella oneidensis MR-1,MR1,199618,SO0426,SO_0426,NP_716063.1,tr|Q8EJN7|Q8EJN7_SHEON,139,443262,444689,+,lpdA,"pyruvate dehydrogenase complex, E3 component, lipoamide dehydrogenase (NCBI ptt file)",0.4797,0,0,0,0,Bspecific
Shewanella oneidensis MR-1,MR1,199624,SO0432,SO_0432,NP_716069.1,tr|Q8EJN1|Q8EJN1_SHEON,139,455780,458377,+,acnB,aconitate hydratase 2 (NCBI ptt file),0.4838,0,0,0,0,Arole
Shewanella oneidensis MR-1,MR1,199627,SO0435,SO_0435,NP_716072.1,sp|Q8EJM8|DCUP_SHEON,139,459487,460551,+,hemE,uroporphyrinogen decarboxylase (NCBI ptt file),0.4779,47,0.037055783213448,0,0,Arole
Shewanella oneidensis MR-1,MR1,199660,SO0468,SO_0468,NP_716105.1,sp|Q8EJJ5|UBIA_SHEON,139,493080,493940,+,ubiA,4-hydroxybenzoate polyprenyl transferase (NCBI ptt file),0.4669,198,0.157690393230463,0,0,Arole
Shewanella oneidensis MR-1,MR1,199697,SO0506,SO_0506,NP_716142.1,sp|Q8EJG1|UBID_SHEON,139,532473,533939,-,,conserved hypothetical protein TIGR00148 (NCBI ptt file),0.4983,368,0.166430706308007,2,0.063803680981595,Dhypo
Shewanella oneidensis MR-1,MR1,199787,SO0599,SO_0599,NP_716232.1,tr|Q8EJ72|Q8EJ72_SHEON,139,624978,625436,+,,conserved hypothetical protein TIGR00150 (NCBI ptt file),0.427,0,0,0,0,Arole
Shewanella oneidensis MR-1,MR1,199829,SO0641,SO_0641,NP_716274.1,tr|Q8EJ32|Q8EJ32_SHEON,139,669361,670083,-,,"prophage MuSo1, transcriptional regulator, Cro/CI family (NCBI ptt file)",0.4661,0,0,0,0,Cvague
Shewanella oneidensis MR-1,MR1,199891,SO0703,SO_0703,NP_716336.1,sp|Q8CX49|CH10_SHEON,139,720670,720960,+,groES,chaperonin GroES (NCBI ptt file),0.4639,5,0.012111896928465,0,0,Bspecific
Shewanella oneidensis MR-1,MR1,199892,SO0704,SO_0704,NP_716337.1,sp|Q8CX48|CH60_SHEON,139,721019,722656,+,groEL,chaperonin GroEL (NCBI ptt file),0.4902,99,0.039562279238619,0,0,Arole
Shewanella oneidensis MR-1,MR1,199963,SO0777,SO_0777,NP_716408.1,tr|Q8EIR0|Q8EIR0_SHEON,139,789015,790238,+,ubiH,2-octaprenyl-6-methoxyphenol hydroxylase (NCBI ptt file),0.5139,0,0,0,0,Arole
Shewanella oneidensis MR-1,MR1,199964,SO0778,SO_0778,NP_716409.1,tr|Q8EIQ9|Q8EIQ9_SHEON,139,790275,791498,+,,"oxidoreductase, FAD-binding, UbiH/Coq6 family (NCBI ptt file)",0.5564,4,0.001815803392648,0,0,Arole
Shewanella oneidensis MR-1,MR1,200026,SO0840,SO_0840,NP_716471.1,tr|Q8EIJ9|Q8EIJ9_SHEON,139,856575,861128,+,,"acetyl-CoA carboxylase multifunctional enzyme accADC, carboxyl transferase subunit alpha/carboxyl transferase subunit beta/biotin carboxylase (NCBI ptt file)",0.4677,0,0,0,0,Bspecific
Shewanella oneidensis MR-1,MR1,200028,SO0842,SO_0842,NP_716473.1,sp|Q8EIJ7|EFG2_SHEON,139,863203,865296,+,fusA-2,translation elongation factor G (NCBI ptt file),0.4628,249,0.090479781114678,0,0,Bspecific
Shewanella oneidensis MR-1,MR1,200047,SO0861,SO_0861,NP_716492.1,tr|Q8EIH8|Q8EIH8_SHEON,139,889184,890140,-,,conserved hypothetical protein (NCBI ptt file),0.4859,0,0,0,0,Dhypo
Shewanella oneidensis MR-1,MR1,200055,SO0869,SO_0869,NP_716500.1,sp|Q8EIH0|PANC_SHEON,139,899247,900092,-,panC,pantoate--beta-alanine ligase (NCBI ptt file),0.4858,0,0,0,0,Arole
Shewanella oneidensis MR-1,MR1,200104,SO0920,SO_0920,NP_716549.1,tr|Q8EIC3|Q8EIC3_SHEON,139,950736,951179,-,,"acetyltransferase, GNAT family (NCBI ptt file)",0.464,2,0.003143798297983,1,0.105405405405405,Cvague
Shewanella oneidensis MR-1,MR1,200113,SO0929,SO_0929,NP_716558.1,sp|Q8EIB4|METK_SHEON,139,957987,959138,-,metK,S-adenosylmethionine synthetase (NCBI ptt file),0.4826,11,0.006960227272727,0,0,Bspecific
Shewanella oneidensis MR-1,MR1,200114,SO0930,SO_0930,NP_716559.1,tr|Q8EIB3|Q8EIB3_SHEON,139,959616,961610,+,tkt,transketolase (NCBI ptt file),0.5023,2,0.000698143299931,0,0,Arole
Shewanella oneidensis MR-1,MR1,200117,SO0933,SO_0933,NP_716562.1,tr|Q8EIB0|Q8EIB0_SHEON,139,964252,965319,+,fba,"fructose-bisphosphate aldolase, class II, Calvin cycle subtype (NCBI ptt file)",0.4981,67,0.041306016461981,1,0.043820224719101,Arole
Shewanella oneidensis MR-1,MR1,200175,SO0992,SO_0992,NP_716620.1,sp|Q8EI58|SYK_SHEON,139,1025577,1027079,+,lysS,lysyl-tRNA synthetase (NCBI ptt file),0.477,0,0,0,0,Arole
Shewanella oneidensis MR-1,MR1,200242,SO1060,SO_1060,NP_716687.2,tr|Q8EHZ4|Q8EHZ4_SHEON,139,1100205,1100798,-,,conserved hypothetical protein (NCBI ptt file),0.4293,5,0.005219985085757,1,0.078787878787879,Dhypo
Shewanella oneidensis MR-1,MR1,200289,SO1108,SO_1108,NP_716734.1,tr|Q8EHV4|Q8EHV4_SHEON,139,1150843,1152099,+,nqrF-2,"NADH:ubiquinone oxidoreductase, Na translocating, beta subunit (NCBI ptt file)",0.4686,34,0.019541181627782,1,0.037231503579952,Arole
Shewanella oneidensis MR-1,MR1,200290,SO1109,SO_1109,NP_716735.1,tr|Q8EHV3|Q8EHV3_SHEON,139,1152199,1153242,+,apbE,thiamin biosynthesis lipoprotein ApbE (NCBI ptt file),0.4416,8,0.004901960784314,1,0.044827586206897,Bspecific
Shewanella oneidensis MR-1,MR1,200291,SO1110,SO_1110,NP_716736.1,tr|Q8EHV2|Q8EHV2_SHEON,139,1153254,1153478,+,,conserved hypothetical protein (NCBI ptt file),0.4489,0,0,0,0,Dhypo
Shewanella oneidensis MR-1,MR1,200306,SO1126,SO_1126,NP_716751.1,sp|Q8EHT7|DNAK_SHEON,139,1168751,1170670,+,dnaK,chaperone protein DnaK (NCBI ptt file),0.4682,0,0,0,0,Arole
Shewanella oneidensis MR-1,MR1,200307,SO1127,SO_1127,NP_716752.1,sp|Q8EHT6|DNAJ_SHEON,139,1170781,1171917,+,dnaJ,chaperone protein DnaJ (NCBI ptt file),0.5251,0,0,0,0,Bspecific
Shewanella oneidensis MR-1,MR1,200320,SO_1140,SO_1140,NP_716765.2,sp|Q8EHS7|DAPB_SHEON,139,1180778,1181590,+,dapB,dihydrodipicolinate reductase (RefSeq),0.5018,39,0.033507277132857,0,0,Arole
Shewanella oneidensis MR-1,MR1,200330,SO1150,SO_1150,NP_716775.1,sp|Q8EHR7|RPIA_SHEON,139,1194143,1194802,-,rpiA,ribose 5-phosphate isomerase (NCBI ptt file),0.4727,57,0.068549970547811,0,0,Arole
Shewanella oneidensis MR-1,MR1,200341,SO1161,SO_1161,NP_716786.1,sp|Q8EHQ6|LIPA_SHEON,139,1204274,1205239,-,lipA,lipoic acid synthetase (NCBI ptt file),0.5176,0,0,0,0,Arole
Shewanella oneidensis MR-1,MR1,200342,SO1162,SO_1162,NP_716787.2,sp|Q8EHQ5|LIPB_SHEON,139,1205236,1205895,-,lipB,lipoate-protein ligase B (NCBI ptt file),0.5015,0,0,0,0,Arole
Shewanella oneidensis MR-1,MR1,200343,SO1163,SO_1163,NP_716788.1,sp|Q8EHQ4|Y1163_SHEON,139,1205982,1206248,-,,conserved hypothetical protein (NCBI ptt file),0.4906,0,0,0,0,Dhypo
Shewanella oneidensis MR-1,MR1,200344,SO1164,SO_1164,NP_716789.2,tr|Q8EHQ3|Q8EHQ3_SHEON,139,1206370,1207542,-,dacA-1,D-alanyl-D-alanine carboxypeptidase (NCBI ptt file),0.4527,115,0.078510277350377,5,0.199488491048593,Bspecific
Shewanella oneidensis MR-1,MR1,200347,SO1167,SO_1167,NP_716792.2,tr|Q8EHQ0|Q8EHQ0_SHEON,139,1209603,1210721,-,rodA,rod shape-determining protein RodA (NCBI ptt file),0.4745,88,0.057996070726916,0,0,Bspecific
Shewanella oneidensis MR-1,MR1,200348,SO1168,SO_1168,NP_716793.1,tr|Q8EHP9|Q8EHP9_SHEON,139,1210703,1212559,-,mrdA,penicillin-binding protein 2 (NCBI ptt file),0.4809,0,0,0,0,Arole
Shewanella oneidensis MR-1,MR1,200351,SO1171,SO_1171,NP_716796.1,sp|Q8CX46|NADD_SHEON,139,1213530,1214168,-,nad,nicotinate (nicotinamide) nucleotide adenylyltransferase (NCBI ptt file),0.4789,0,0,0,0,Arole
Shewanella oneidensis MR-1,MR1,200352,SO1172,SO_1172,NP_716797.1,tr|Q8EHP6|Q8EHP6_SHEON,139,1214181,1215212,-,holA,"DNA polymerase III, delta subunit (NCBI ptt file)",0.4893,85,0.055556458503604,0,0,Arole
Shewanella oneidensis MR-1,MR1,200353,SO1173,SO_1173,NP_716798.1,tr|Q8EHP5|Q8EHP5_SHEON,139,1215265,1215759,-,,rare lipoprotein B (NCBI ptt file),0.4889,3,0.004166666666667,0,0,Bspecific
Shewanella oneidensis MR-1,MR1,200354,SO1174,SO_1174,NP_716799.1,sp|Q8EHP4|SYL_SHEON,139,1215819,1218398,-,leuS,leucyl-tRNA synthetase (NCBI ptt file),0.4853,0,0,0,0,Arole
Shewanella oneidensis MR-1,MR1,200357,SO1177,SO_1177,NP_716802.1,sp|Q8EHP1|LNT_SHEON,139,1219581,1221137,-,cutE,apolipoprotein N-acyltransferase (NCBI ptt file),0.4875,0,0,0,0,Arole
Shewanella oneidensis MR-1,MR1,200358,SO1178,SO_1178,NP_716803.1,tr|Q8EHP0|Q8EHP0_SHEON,139,1221180,1222055,-,corC,magnesium and cobalt efflux protein CorC (NCBI ptt file),0.4623,67,0.061815325728319,2,0.106849315068493,Bspecific
Shewanella oneidensis MR-1,MR1,200363,SO1183,SO_1183,NP_716808.1,tr|Q8EHN6|Q8EHN6_SHEON,139,1226116,1227330,+,,"oxidoreductase, FAD-binding (NCBI ptt file)",0.4872,4,0.002384079452637,1,0.038518518518519,Arole
Shewanella oneidensis MR-1,MR1,200364,SO1184,SO_1184,NP_716809.1,sp|Q8EHN5|PTH_SHEON,139,1227499,1228086,+,pth,peptidyl-tRNA hydrolase (NCBI ptt file),0.4694,116,0.15146532546668,0,0,Bspecific
Shewanella oneidensis MR-1,MR1,200375,SO1195,SO_1195,NP_716820.1,tr|Q8EHM4|Q8EHM4_SHEON,139,1238792,1239091,-,,conserved hypothetical protein TIGR00253 (NCBI ptt file),0.4033,19,0.019204301075269,1,0.156,Dhypo
Shewanella oneidensis MR-1,MR1,200377,SO1197,SO_1197,NP_716822.2,tr|Q8EHM2|Q8EHM2_SHEON,139,1239865,1241814,+,ftsH,cell division protein FtsH (NCBI ptt file),0.4821,73,0.026749123619287,0,0,Bspecific
Shewanella oneidensis MR-1,MR1,200378,SO1198,SO_1198,NP_716823.1,tr|Q8EHM1|Q8EHM1_SHEON,139,1241974,1242807,+,folP,dihydropteroate synthase (NCBI ptt file),0.5,26,0.020857011764494,0,0,Arole
Shewanella oneidensis MR-1,MR1,200379,SO1199,SO_1199,NP_716824.1,sp|Q8EHM0|GLMM_SHEON,139,1242881,1244218,+,glmM,phosphoglucosamine mutase (NCBI ptt file),0.4738,0,0,0,0,Bspecific
Shewanella oneidensis MR-1,MR1,200380,SO1200,SO_1200,NP_716825.1,sp|Q8EHL9|TPIS_SHEON,139,1244412,1245194,+,tpiA,triosephosphate isomerase (NCBI ptt file),0.4636,0,0,0,0,Arole
Shewanella oneidensis MR-1,MR1,200381,SO1201,SO_1201,NP_716826.1,tr|Q8EHL8|Q8EHL8_SHEON,139,1245196,1245531,+,secG,"preprotein translocase, SecG subunit (NCBI ptt file)",0.4226,0,0,0,0,Arole
Shewanella oneidensis MR-1,MR1,200382,SO1202,SO_1202,NP_716827.1,sp|Q8EHL7|RIMP_SHEON,139,1245956,1246411,+,,conserved hypothetical protein (NCBI ptt file),0.4583,53,0.085165764546685,1,0.102631578947368,Dhypo
Shewanella oneidensis MR-1,MR1,200384,SO1204,SO_1204,NP_716829.1,sp|Q8EHL5|IF2_SHEON,139,1247966,1250623,+,infB,translation initiation factor IF-2 (NCBI ptt file),0.4959,9,0.002348917978079,0,0,Bspecific
Shewanella oneidensis MR-1,MR1,200386,SO1207,SO_1207,NP_716831.1,sp|Q8EHL3|RS15_SHEON,139,1252211,1252480,+,rpsO,ribosomal protein S15 (NCBI ptt file),0.4519,0,0,0,0,Arole
Shewanella oneidensis MR-1,MR1,200388,SO1209,SO_1209,NP_716833.2,sp|Q8EHL1|PNP_SHEON,139,1254812,1256920,+,pnp,polyribonucleotide nucleotidyltransferase (NCBI ptt file),0.458,0,0,0,0,Arole
Shewanella oneidensis MR-1,MR1,200424,SO1246,,,,139,1297301,1297522,-,,hypothetical protein (NCBI ptt file),0.4054,0,0,0,0,Dhypo
Shewanella oneidensis MR-1,MR1,200461,SO1284,SO_1284,NP_716906.1,tr|Q8EHE1|Q8EHE1_SHEON,139,1335571,1337421,-,rpoD,RNA polymerase sigma-70 factor (NCBI ptt file),0.4797,0,0,0,0,Arole
Shewanella oneidensis MR-1,MR1,200463,SO1286,SO_1286,NP_716908.1,tr|Q8EHD9|Q8EHD9_SHEON,139,1337557,1339281,-,dnaG,DNA primase (NCBI ptt file),0.462,22,0.010888651950138,0,0,Arole
Shewanella oneidensis MR-1,MR1,200465,SO1288,SO_1288,NP_716910.1,sp|Q8EHD7|RS21_SHEON,139,1339815,1340030,-,rpsU,ribosomal protein S21 (NCBI ptt file),0.4537,0,0,0,0,Arole
Shewanella oneidensis MR-1,MR1,200466,SO1289,SO_1289,NP_716911.1,sp|Q8EHD6|TSAD_SHEON,139,1340245,1341261,+,gcp,O-sialoglycoprotein endopeptidase (NCBI ptt file),0.4926,36,0.023338662369869,0,0,Bspecific
Shewanella oneidensis MR-1,MR1,200468,SO1291,SO_1291,NP_716913.1,tr|Q8EHD5|Q8EHD5_SHEON,139,1342213,1342563,+,folB,dihydroneopterin aldolase (NCBI ptt file),0.4558,0,0,0,0,Arole
Shewanella oneidensis MR-1,MR1,200475,SO1300,SO_1300,NP_716920.1,sp|Q8EHC8|GSA_SHEON,139,1352002,1353294,-,hemL,"glutamate-1-semialdehyde-2,1-aminomutase (NCBI ptt file)",0.5058,32,0.016540072285989,4,0.144779582366589,Arole
Shewanella oneidensis MR-1,MR1,200479,SO1304,SO_1304,NP_716924.2,sp|Q8EHC4|ERPA_SHEON,139,1357181,1357507,+,,HesB/YadR/YfhF family protein (NCBI ptt file),0.4648,0,0,0,0,Cvague
Shewanella oneidensis MR-1,MR1,200490,SO1315,SO_1315,NP_716935.1,sp|Q8EHB3|SYY_SHEON,139,1371199,1372395,+,tyrS,tyrosyl-tRNA synthetase (NCBI ptt file),0.4703,0,0,0,0,Arole
Shewanella oneidensis MR-1,MR1,200497,SO1322,SO_1322,NP_716942.1,sp|Q8EHA7|MTNN_SHEON,139,1375956,1376666,-,pfs,5-methylthioadenosine nucleosidase/S-adenosylhomocysteine nucleosidase (NCBI ptt file),0.4895,37,0.035034077347194,2,0.132016925246827,Bspecific
Shewanella oneidensis MR-1,MR1,200509,SO1334,SO_1334,NP_716954.1,sp|Q8EH95|LGT_SHEON,139,1392260,1393066,+,lgt,prolipoprotein diacylglyceryl transferase (NCBI ptt file),0.4597,0,0,0,0,Arole
Shewanella oneidensis MR-1,MR1,200510,SO1335,SO_1335,NP_716955.1,sp|Q8EH94|TYSY_SHEON,139,1393066,1393860,+,thyA,thymidylate synthase (NCBI ptt file),0.4667,0,0,0,0,Arole
Shewanella oneidensis MR-1,MR1,200520,SO1345,SO_1345,NP_716965.1,tr|Q8EH84|Q8EH84_SHEON,139,1401397,1401870,+,rseC,sigma-E factor regulatory protein RseC (NCBI ptt file),0.4557,11,0.017300662740121,0,0,Bspecific
Shewanella oneidensis MR-1,MR1,200523,SO1348,SO_1348,NP_716968.1,sp|Q8EH81|RNC_SHEON,139,1404926,1405606,+,rnc,ribonuclease III (NCBI ptt file),0.4596,0,0,0,0,Arole
Shewanella oneidensis MR-1,MR1,200524,SO1349,SO_1349,NP_716969.1,tr|Q8EH80|Q8EH80_SHEON,139,1405603,1406622,+,era,GTP-binding protein Era (NCBI ptt file),0.4784,110,0.090833838077933,0,0,Bspecific
Shewanella oneidensis MR-1,MR1,200526,SO1351,SO_1351,NP_716971.1,sp|Q8EH78|PDXJ_SHEON,139,1407463,1408200,+,pdxJ,pyridoxal phosphate biosynthetic protein PdxJ (NCBI ptt file),0.4864,0,0,0,0,Arole
Shewanella oneidensis MR-1,MR1,200531,SO1356,SO_1356,NP_716976.1,tr|Q8EH73|Q8EH73_SHEON,139,1411844,1413217,+,ffh,signal recognition particle protein Ffh (NCBI ptt file),0.4949,0,0,0,0,Arole
Shewanella oneidensis MR-1,MR1,200532,SO1357,SO_1357,NP_716977.1,sp|Q8EH72|RS16_SHEON,139,1413436,1413684,+,rpsP,ribosomal protein S16 (NCBI ptt file),0.494,0,0,0,0,Arole
Shewanella oneidensis MR-1,MR1,200533,SO1358,SO_1358,NP_716978.2,sp|Q8EH71|RIMM_SHEON,139,1413702,1414235,+,rimM,16S rRNA processing protein RimM (NCBI ptt file),0.4569,0,0,0,0,Arole
Shewanella oneidensis MR-1,MR1,200534,SO1359,SO_1359,NP_716979.1,sp|Q8CX44|TRMD_SHEON,139,1414251,1414997,+,trmD,tRNA (guanine-N1)-methyltransferase (NCBI ptt file),0.5047,0,0,0,0,Arole
Shewanella oneidensis MR-1,MR1,200535,SO1360,SO_1360,NP_716980.1,sp|Q8EH70|RL19_SHEON,139,1415032,1415385,+,rplS,ribosomal protein L19 (NCBI ptt file),0.4576,0,0,0,0,Arole
Shewanella oneidensis MR-1,MR1,200544,SO1369,SO_1369,NP_716989.1,tr|Q8EH61|Q8EH61_SHEON,139,1427103,1428215,+,,conserved hypothetical protein (NCBI ptt file),0.4726,2,0.00144032050157,0,0,Dhypo
Shewanella oneidensis MR-1,MR1,200545,SO1370,SO_1370,NP_716990.1,tr|Q8EH60|Q8EH60_SHEON,139,1428212,1429270,+,,conserved hypothetical protein (NCBI ptt file),0.4693,0,0,0,0,Dhypo
Shewanella oneidensis MR-1,MR1,200617,SO1445,SO_1445,NP_717062.1,tr|Q8EGZ2|Q8EGZ2_SHEON,139,1507802,1508110,-,,"transcriptional regulator, CopG family (NCBI ptt file)",0.4887,35,0.092602239220028,0,0,Cvague
Shewanella oneidensis MR-1,MR1,200644,SO1473,SO_1473,NP_717089.1,sp|Q8EGW8|SSRP_SHEON,139,1538569,1539060,-,smpB,SsrA-binding protein (NCBI ptt file),0.4472,7,0.011991190146015,1,0.095121951219512,Bspecific
Shewanella oneidensis MR-1,MR1,200645,SO1474,SO_1474,NP_717090.1,tr|Q8EGW7|Q8EGW7_SHEON,139,1539325,1539762,+,,conserved hypothetical protein (NCBI ptt file),0.4361,0,0,0,0,Dhypo
Shewanella oneidensis MR-1,MR1,200695,SO1524,SO_1524,NP_717141.1,sp|Q8EGS0|GRPE_SHEON,139,1600445,1601065,+,grpE,heat shock protein GrpE (NCBI ptt file),0.4589,39,0.046818921301988,0,0,Bspecific
Shewanella oneidensis MR-1,MR1,200696,SO1525,SO_1525,NP_717142.1,sp|Q8EGR9|DXS_SHEON,139,1601183,1603051,-,dxs,deoxyxylulose-5-phosphate synthase (NCBI ptt file),0.5013,248,0.091617182545583,0,0,Bspecific
Shewanella oneidensis MR-1,MR1,200708,SO1538,SO_1538,NP_717154.1,tr|Q8EGQ7|Q8EGQ7_SHEON,139,1611929,1612936,-,,"isocitrate dehydrogenase, NAD-dependent (NCBI ptt file)",0.4772,38,0.032230410039399,4,0.191215526046987,Bspecific
Shewanella oneidensis MR-1,MR1,200790,SO1625,SO_1625,NP_717236.1,sp|Q8EGH9|DAPD_SHEON,139,1706796,1707620,-,dapD,"2,3,4,5-tetrahydropyridine-2-carboxylate N-succinyltransferase (NCBI ptt file)",0.4897,28,0.022376826587353,0,0,Arole
Shewanella oneidensis MR-1,MR1,200792,SO1627,SO_1627,NP_717238.1,tr|Q8EGH7|Q8EGH7_SHEON,139,1710307,1711104,-,map,"methionine aminopeptidase, type I (NCBI ptt file)",0.4662,0,0,0,0,Arole
Shewanella oneidensis MR-1,MR1,200794,SO1629,SO_1629,NP_717240.1,sp|Q8EGH5|RS2_SHEON,139,1711414,1712142,+,rpsB,ribosomal protein S2 (NCBI ptt file),0.465,15,0.014504370395817,0,0,Arole
Shewanella oneidensis MR-1,MR1,200795,SO1630,SO_1630,NP_717241.1,sp|Q8EGH4|EFTS_SHEON,139,1712262,1713113,+,tsf,translation elongation factor Ts (NCBI ptt file),0.4495,0,0,0,0,Arole
Shewanella oneidensis MR-1,MR1,200796,SO1631,SO_1631,NP_717242.1,sp|Q8EGH3|PYRH_SHEON,139,1713184,1713912,+,pyrH,uridylate kinase (NCBI ptt file),0.4746,2,0.001998258942703,1,0.064197530864198,Arole
Shewanella oneidensis MR-1,MR1,200797,SO1632,SO_1632,NP_717243.1,sp|Q8EGH2|RRF_SHEON,139,1713943,1714500,+,frr,ribosome recycling factor (NCBI ptt file),0.4606,0,0,0,0,Arole
Shewanella oneidensis MR-1,MR1,200798,SO1633,SO_1633,NP_717244.1,sp|Q8EGH1|UPPS_SHEON,139,1714583,1715410,+,uppS,undecaprenyl diphosphate synthase (NCBI ptt file),0.4698,0,0,0,0,Arole
Shewanella oneidensis MR-1,MR1,200799,SO1634,SO_1634,NP_717245.2,tr|Q8EGH0|Q8EGH0_SHEON,139,1715524,1716288,+,cdsA,phosphatidate cytidylyltransferase (NCBI ptt file),0.4758,0,0,0,0,Bspecific
Shewanella oneidensis MR-1,MR1,200800,SO1635,SO_1635,NP_717246.1,sp|Q8EGG9|DXR_SHEON,139,1716293,1717483,+,dxr,1-deoxy-D-xylulose 5-phosphate reductoisomerase (NCBI ptt file),0.4979,0,0,0,0,Bspecific
Shewanella oneidensis MR-1,MR1,200801,SO1636,SO_1636,NP_717247.1,tr|Q8EGG8|Q8EGG8_SHEON,139,1717535,1718905,+,,"membrane-associated zinc metalloprotease, putative (NCBI ptt file)",0.4705,0,0,0,0,Arole
Shewanella oneidensis MR-1,MR1,200802,SO1637,SO_1637,NP_717248.2,tr|Q8EGG7|Q8EGG7_SHEON,139,1718937,1721417,+,,bacterial surface antigen (NCBI ptt file),0.4559,0,0,0,0,Arole
Shewanella oneidensis MR-1,MR1,200803,SO1638,SO_1638,NP_717249.1,tr|Q8EGG6|Q8EGG6_SHEON,139,1721474,1721980,+,ompH,outer membrane protein OmpH (NCBI ptt file),0.4241,0,0,0,0,Bspecific
Shewanella oneidensis MR-1,MR1,200804,SO1639,SO_1639,NP_717250.1,sp|Q8EGG5|LPXD_SHEON,139,1721984,1723009,+,lpxD,UDP-3-O-(3-hydroxymyristoyl) glucosamine n-acyltransferase (NCBI ptt file),0.4844,45,0.034792510121458,0,0,Arole
Shewanella oneidensis MR-1,MR1,200805,SO1640,SO_1640,NP_717251.1,sp|Q8EGG4|FABZ_SHEON,139,1723041,1723505,+,fabZ,(3R)-hydroxymyristoyl-(acyl-carrier-protein) dehydratase (NCBI ptt file),0.4559,0,0,0,0,Arole
Shewanella oneidensis MR-1,MR1,200806,SO1641,SO_1641,NP_717252.1,tr|Q8EGG3|Q8EGG3_SHEON,139,1723502,1724272,+,lpxA,acyl-(acyl-carrier-protein)--UDP-N-acetylglucosamine O-acyltransferase (NCBI ptt file),0.4864,0,0,0,0,Arole
Shewanella oneidensis MR-1,MR1,200807,SO1642,SO_1642,NP_717253.1,sp|Q8EGG2|LPXB_SHEON,139,1724404,1725561,+,lpxB,lipid A disaccharide synthase (NCBI ptt file),0.4896,0,0,0,0,Arole
Shewanella oneidensis MR-1,MR1,200809,SO1644,SO_1644,NP_717255.1,tr|Q8EGG0|Q8EGG0_SHEON,139,1726307,1729783,+,dnaE,"DNA polymerase III, alpha subunit (NCBI ptt file)",0.5062,0,0,0,0,Arole
Shewanella oneidensis MR-1,MR1,200810,SO1645,SO_1645,NP_717256.1,sp|Q8EGF9|TILS_SHEON,139,1729836,1731230,+,mesJ,cell cycle protein MesJ (NCBI ptt file),0.4946,26,0.012671153399861,0,0,Arole
Shewanella oneidensis MR-1,MR1,200850,SO1685,SO_1685,NP_717296.1,tr|Q8EGB9|Q8EGB9_SHEON,139,1771283,1771534,+,,hypothetical protein (NCBI ptt file),0.4048,47,0.062126525306154,1,0.185714285714286,Dhypo
Shewanella oneidensis MR-1,MR1,200889,SO1725,SO_1725,NP_717335.2,sp|Q8EG82|PSTB1_SHEON,139,1812412,1813206,+,pstB-1,"phosphate ABC transporter, ATP-binding protein (NCBI ptt file)",0.4868,17,0.015807658625906,2,0.117735849056604,Arole
Shewanella oneidensis MR-1,MR1,200890,SO1726,SO_1726,NP_717336.1,tr|Q8EG81|Q8EG81_SHEON,139,1813338,1814048,+,phoU,phosphate transport system regulatory protein PhoU (NCBI ptt file),0.4655,10,0.009816079073872,2,0.131645569620253,Bspecific
Shewanella oneidensis MR-1,MR1,200949,SO1786,SO_1786,NP_717395.1,sp|Q8EG26|SYQ_SHEON,139,1872353,1874023,+,glnS,glutaminyl-tRNA synthetase (NCBI ptt file),0.447,25,0.012609356142258,0,0,Arole
Shewanella oneidensis MR-1,MR1,200952,SO1789,SO_1789,NP_717398.1,sp|Q8EG24|LPXH_SHEON,139,1875889,1876608,-,,conserved hypothetical protein (NCBI ptt file),0.4611,0,0,0,0,Arole
Shewanella oneidensis MR-1,MR1,200954,SO1791,SO_1791,NP_717400.1,sp|Q8EG22|SYC_SHEON,139,1877253,1878632,+,cysS,cysteinyl-tRNA synthetase (NCBI ptt file),0.479,0,0,0,0,Arole
Shewanella oneidensis MR-1,MR1,200955,SO1792,SO_1792,NP_717401.1,sp|Q8EG21|FOLD_SHEON,139,1878808,1879662,-,folD,methylenetetrahydrofolate dehydrogenase/methylenetetrahydrofolate cyclohydrolase (NCBI ptt file),0.4936,0,0,0,0,Bspecific
Shewanella oneidensis MR-1,MR1,200960,SO1797,SO_1797,NP_717406.1,tr|Q8EG16|Q8EG16_SHEON,139,1886739,1887011,+,,"DNA-binding protein, HU family (NCBI ptt file)",0.4542,2,0.005829880330736,0,0,Cvague
Shewanella oneidensis MR-1,MR1,200962,SO1800,SO_1800,NP_717408.1,sp|Q8EG14|FABV_SHEON,139,1889871,1891073,-,,conserved hypothetical protein (NCBI ptt file),0.463,0,0,0,0,Dhypo
Shewanella oneidensis MR-1,MR1,200986,SO1824,SO_1824,NP_717432.2,tr|Q8EFZ0|Q8EFZ0_SHEON,139,1917616,1918281,+,,conserved hypothetical protein (NCBI ptt file),0.4234,0,0,0,0,Dhypo
Shewanella oneidensis MR-1,MR1,200987,SO1825,SO_1825,NP_717433.1,tr|Q8EFY9|Q8EFY9_SHEON,139,1918281,1919636,+,,MotA/TolQ/ExbB proton channel family protein (NCBI ptt file),0.4211,0,0,0,0,Cvague
Shewanella oneidensis MR-1,MR1,200988,SO1826,SO_1826,NP_717434.2,tr|Q8EFY8|Q8EFY8_SHEON,139,1919681,1920163,+,exbB2,TonB system transport protein ExbB2 (NCBI ptt file),0.4783,0,0,0,0,Bspecific
Shewanella oneidensis MR-1,MR1,200989,SO1827,SO_1827,NP_717435.1,tr|Q8EFY7|Q8EFY7_SHEON,139,1920177,1920581,+,exbD2,TonB system transport protein ExbD2 (NCBI ptt file),0.4346,3,0.00491452991453,1,0.115555555555556,Bspecific
Shewanella oneidensis MR-1,MR1,200990,SO1828,SO_1828,NP_717436.1,tr|Q8EFY6|Q8EFY6_SHEON,139,1920583,1921206,+,tonB2,TonB2 protein (NCBI ptt file),0.492,0,0,0,0,Arole
Shewanella oneidensis MR-1,MR1,200991,SO1829,SO_1829,NP_717437.1,tr|Q8EFY5|Q8EFY5_SHEON,139,1921209,1922456,+,,TPR domain protein (NCBI ptt file),0.4143,12,0.004339686861811,0,0,Cvague
Shewanella oneidensis MR-1,MR1,201018,SO1856,SO_1856,NP_717464.1,sp|Q8EFV9|FABA_SHEON,139,1947497,1948012,-,fabA,3-hydroxydecanoyl-(acyl-carrier-protein) dehydratase (NCBI ptt file),0.438,36,0.042196584302326,2,0.181395348837209,Arole
Shewanella oneidensis MR-1,MR1,201024,SO1862,SO_1862,NP_717470.1,tr|Q8EFV3|Q8EFV3_SHEON,139,1954433,1954981,+,pgsA,CDP-diacylglycerol--glycerol-3-phosphate 3-phosphatidyltransferase (NCBI ptt file),0.4536,0,0,0,0,Arole
Shewanella oneidensis MR-1,MR1,201041,SO1879,SO_1879,NP_717487.1,sp|Q8EFT7|DAPA_SHEON,139,1974639,1975523,+,dapA,dihydrodipicolinate synthase (NCBI ptt file),0.4836,4,0.003585397653194,0,0,Arole
Shewanella oneidensis MR-1,MR1,201055,SO1893,SO_1893,NP_717501.1,tr|Q8EFS3|Q8EFS3_SHEON,139,1989479,1990426,-,mvaB,hydroxymethylglutaryl-CoA lyase (NCBI ptt file),0.5274,70,0.041027962732616,3,0.148101265822785,Bspecific
Shewanella oneidensis MR-1,MR1,201088,SO1927,SO_1927,NP_717534.1,tr|Q8EFP3|Q8EFP3_SHEON,139,2030878,2031273,+,sdhC,"succinate dehydrogenase, cytochrome b556 subunit (NCBI ptt file)",0.4621,0,0,0,0,Arole
Shewanella oneidensis MR-1,MR1,201089,SO1928,SO_1928,NP_717535.1,tr|Q8EFP2|Q8EFP2_SHEON,139,2031615,2033381,+,sdhA,"succinate dehydrogenase, flavoprotein subunit (NCBI ptt file)",0.4861,9,0.003842787301723,1,0.026485568760611,Arole
Shewanella oneidensis MR-1,MR1,201090,SO1929,SO_1929,NP_717536.1,tr|Q8EFP1|Q8EFP1_SHEON,139,2033396,2034103,+,sdhB,"succinate dehydrogenase, iron-sulfur protein (NCBI ptt file)",0.4463,2,0.002398159250737,1,0.066101694915254,Bspecific
Shewanella oneidensis MR-1,MR1,201091,SO1930,SO_1930,NP_717537.1,tr|Q8EFP0|Q8EFP0_SHEON,139,2034323,2037142,+,sucA,"2-oxoglutarate dehydrogenase, E1 component (NCBI ptt file)",0.4837,0,0,0,0,Arole
Shewanella oneidensis MR-1,MR1,201092,SO1931,SO_1931,NP_717538.1,tr|Q8EFN9|Q8EFN9_SHEON,139,2037191,2038378,+,sucB,"2-oxoglutarate dehydrogenase, E2 component, dihydrolipoamide succinyltransferase (NCBI ptt file)",0.4739,0,0,0,0,Arole
Shewanella oneidensis MR-1,MR1,201173,SO2013,SO_2013,NP_717619.1,tr|Q8EFG0|Q8EFG0_SHEON,139,2109971,2112979,+,dnaX,"DNA polymerase III, gamma and tau subunits (NCBI ptt file)",0.5002,168,0.037443428955419,0,0,Arole
Shewanella oneidensis MR-1,MR1,201178,SO2018,SO_2018,NP_717624.1,sp|Q8EFF5|KAD_SHEON,139,2117461,2118105,+,adk,adenylate kinase (NCBI ptt file),0.4946,38,0.040347332674204,0,0,Arole
Shewanella oneidensis MR-1,MR1,201181,SO2021,SO_2021,NP_717627.1,sp|Q8EFF2|NADE_SHEON,139,2120953,2121783,+,nadE,NH(3)-dependent NAD(+) synthetase (NCBI ptt file),0.4826,0,0,0,0,Arole
Shewanella oneidensis MR-1,MR1,201242,SO2085,SO_2085,NP_717688.1,sp|Q8EFA0|SYFA_SHEON,139,2180858,2181841,+,pheS,"phenylalanyl-tRNA synthetase, alpha subunit (NCBI ptt file)",0.4654,0,0,0,0,Arole
Shewanella oneidensis MR-1,MR1,201243,SO2086,SO_2086,NP_717689.1,sp|Q8EF99|SYFB_SHEON,139,2181856,2184243,+,pheT,"phenylalanyl-tRNA synthetase, beta subunit (NCBI ptt file)",0.4728,0,0,0,0,Arole
Shewanella oneidensis MR-1,MR1,201244,SO2087,SO_2087,NP_717690.1,sp|Q8EF98|IHFA_SHEON,139,2184247,2184543,+,ihfA,"integration host factor, alpha subunit (NCBI ptt file)",0.4714,0,0,0,0,Arole
Shewanella oneidensis MR-1,MR1,201269,SO2112,,,sp|Q8EF74|RL25_SHEON,139,2210859,2211305,+,rplY,ribosomal protein L25 (NCBI ptt file),0.4318,19,0.026379601199073,1,0.104697986577181,Bspecific
Shewanella oneidensis MR-1,MR1,201368,SO2217,SO_2217,NP_717814.1,sp|Q8EEZ2|DDL_SHEON,139,2331687,2332697,-,ddlA,D-alanine--D-alanine ligase (NCBI ptt file),0.45,0,0,0,0,Arole
Shewanella oneidensis MR-1,MR1,201369,SO2218,SO_2218,NP_717815.1,sp|Q8EEZ1|SYN_SHEON,139,2332942,2334342,-,asnS,asparaginyl-tRNA synthetase (NCBI ptt file),0.4918,0,0,0,0,Arole
Shewanella oneidensis MR-1,MR1,201373,SO2222,SO_2222,NP_717819.1,tr|Q8EEY7|Q8EEY7_SHEON,139,2337038,2338588,+,,"fumarate hydratase, class I, anaerobic, putative (NCBI ptt file)",0.5068,4,0.001796076264161,0,0,Bspecific
Shewanella oneidensis MR-1,MR1,201399,SO2249,,,,139,2363842,2364192,-,,hypothetical protein (NCBI ptt file),0.3761,60,0.023892483822797,1,0.136443148688047,Dhypo
Shewanella oneidensis MR-1,MR1,201407,SO2257,SO_2257,NP_717853.1,tr|Q8EEV6|Q8EEV6_SHEON,139,2372143,2373375,+,lolE,lipoprotein releasing system transmembrane protein LolE (NCBI ptt file),0.5012,2,0.001129599256579,0,0,Arole
Shewanella oneidensis MR-1,MR1,201408,SO2258,SO_2258,NP_717854.2,sp|Q8EEV5|LOLD_SHEON,139,2373474,2374166,+,lolD,lipoprotein releasing system ATP-binding protein LolD (NCBI ptt file),0.5051,0,0,0,0,Arole
Shewanella oneidensis MR-1,MR1,201409,SO2259,SO_2259,NP_717855.1,tr|Q8EEV4|Q8EEV4_SHEON,139,2374163,2375413,+,,"lipoprotein releasing system transmembrane protein LolC, putative (NCBI ptt file)",0.4956,0,0,0,0,Arole
Shewanella oneidensis MR-1,MR1,201412,SO2262,SO_2262,NP_717858.1,tr|Q8EEV1|Q8EEV1_SHEON,139,2377236,2378057,+,cysE,serine acetyltransferase (NCBI ptt file),0.4866,44,0.039570051433675,0,0,Arole
Shewanella oneidensis MR-1,MR1,201414,SO2264,SO_2264,NP_717860.1,sp|Q8EEU9|ISCS_SHEON,139,2378951,2380165,+,iscS,cysteine desulfurase (NCBI ptt file),0.4535,0,0,0,0,Bspecific
Shewanella oneidensis MR-1,MR1,201415,SO2265,SO_2265,NP_717861.1,tr|Q8EEU8|Q8EEU8_SHEON,139,2380203,2380586,+,,NifU family protein (NCBI ptt file),0.4323,9,0.014416436464088,0,0,Cvague
Shewanella oneidensis MR-1,MR1,201416,SO2266,SO_2266,NP_717862.1,tr|Q8EEU7|Q8EEU7_SHEON,139,2380601,2380924,+,,HesB/YadR/YfhF family protein (NCBI ptt file),0.4321,0,0,0,0,Cvague
Shewanella oneidensis MR-1,MR1,201417,SO2267,SO_2267,NP_717863.1,sp|Q8EEU6|HSCB_SHEON,139,2380940,2381464,+,hscB,co-chaperone Hsc20 (NCBI ptt file),0.4533,0,0,0,0,Arole
Shewanella oneidensis MR-1,MR1,201419,SO2269,SO_2269,NP_717865.1,tr|Q8EEU4|Q8EEU4_SHEON,139,2383403,2383738,+,,"ferredoxin, 2Fe-2S (NCBI ptt file)",0.4673,0,0,0,0,Bspecific
Shewanella oneidensis MR-1,MR1,201424,SO2274,SO_2274,NP_717870.1,sp|Q8EEU0|NDK_SHEON,139,2386976,2387407,+,ndk,nucleoside diphosphate kinase (NCBI ptt file),0.463,76,0.136223251709685,0,0,Bspecific
Shewanella oneidensis MR-1,MR1,201449,SO2299,SO_2299,NP_717895.1,sp|Q8EER9|SYT_SHEON,139,2410456,2412384,+,thrS,threonyl-tRNA synthetase (NCBI ptt file),0.4541,0,0,0,0,Arole
Shewanella oneidensis MR-1,MR1,201450,SO2300,SO_2300,NP_717896.2,sp|Q8EER8|IF3_SHEON,139,2412499,2412930,+,infC,translation initiation factor IF-3 (NCBI ptt file),0.4421,0,0,0,0,Arole
Shewanella oneidensis MR-1,MR1,201452,SO2302,SO_2302,NP_717898.1,sp|Q8EER6|RL20_SHEON,139,2413227,2413583,+,rplT,ribosomal protein L20 (NCBI ptt file),0.4202,0,0,0,0,Arole
Shewanella oneidensis MR-1,MR1,201456,SO2307,SO_2307,NP_717902.1,sp|Q8EER2|LOLA_SHEON,139,2419898,2420518,+,lolA,outer membrane lipoprotein carrier protein LolA (NCBI ptt file),0.4316,0,0,0,0,Arole
Shewanella oneidensis MR-1,MR1,201459,SO2310,SO_2310,NP_717905.1,sp|Q8EEQ9|SYS_SHEON,139,2422244,2423530,+,serS,seryl-tRNA synthetase (NCBI ptt file),0.4662,0,0,0,0,Arole
Shewanella oneidensis MR-1,MR1,201472,SO2328,SO_2328,NP_717918.1,sp|Q8EEP9|EFP_SHEON,139,2437896,2438456,-,efp,translation elongation factor P (NCBI ptt file),0.4403,30,0.035700836032236,2,0.166844919786096,Arole
Shewanella oneidensis MR-1,MR1,201474,SO2330,SO_2330,NP_717920.1,tr|Q8EEP7|Q8EEP7_SHEON,139,2439769,2440296,-,,flavodoxin (NCBI ptt file),0.4451,36,0.05780285288482,0,0,Arole
Shewanella oneidensis MR-1,MR1,201479,SO2335,SO_2335,NP_717925.1,sp|Q8EEP2|SEQA_SHEON,139,2442032,2442583,+,seqA,seqA protein (NCBI ptt file),0.4909,16,0.019423794147831,2,0.169565217391304,Bspecific
Shewanella oneidensis MR-1,MR1,201481,SO2337,SO_2337,NP_717927.1,tr|Q8EEP0|Q8EEP0_SHEON,139,2444417,2444896,-,msrA,peptide methionine sulfoxide reductase (NCBI ptt file),0.4771,30,0.051429263565892,2,0.195,Bspecific
Shewanella oneidensis MR-1,MR1,201489,SO2345,SO_2345,NP_717935.1,tr|Q8EEN3|Q8EEN3_SHEON,139,2452794,2453804,-,gapA-2,glyceraldehyde 3-phosphate dehydrogenase (NCBI ptt file),0.4471,53,0.044182884590574,3,0.138872403560831,Arole
Shewanella oneidensis MR-1,MR1,201502,SO2358,SO_2358,NP_717948.1,tr|Q8EEM1|Q8EEM1_SHEON,139,2465029,2465232,-,ccoS,"cytochrome oxidase maturation protein, cbb3-type (NCBI ptt file)",0.4608,17,0.061297650130548,0,0,Bspecific
Shewanella oneidensis MR-1,MR1,201504,SO2360,SO_2360,NP_717950.1,tr|Q8EEL9|Q8EEL9_SHEON,139,2467675,2468154,-,,conserved hypothetical protein (NCBI ptt file),0.4146,92,0.087371663244353,2,0.195,Dhypo
Shewanella oneidensis MR-1,MR1,201520,SO2376,SO_2376,NP_717966.1,tr|Q8EEK5|Q8EEK5_SHEON,139,2481005,2481397,+,,dsrE-related protein (NCBI ptt file),0.4758,0,0,0,0,Arole
Shewanella oneidensis MR-1,MR1,201521,SO2377,SO_2377,NP_717967.1,tr|Q8EEK4|Q8EEK4_SHEON,139,2481412,2481768,+,,conserved hypothetical protein (NCBI ptt file),0.3922,0,0,0,0,Arole
Shewanella oneidensis MR-1,MR1,201522,SO2378,SO_2378,NP_717968.1,tr|Q8EEK3|Q8EEK3_SHEON,139,2481768,2482049,+,,conserved hypothetical protein (NCBI ptt file),0.4362,0,0,0,0,Arole
Shewanella oneidensis MR-1,MR1,201523,SO2379,SO_2379,NP_717969.1,tr|Q8EEK2|Q8EEK2_SHEON,139,2482043,2482381,+,,hypothetical desulfoviridin gamma subunit (NCBI ptt file),0.4631,0,0,0,0,Cvague
Shewanella oneidensis MR-1,MR1,201535,SO2391,SO_2391,NP_717981.1,tr|Q8EEJ0|Q8EEJ0_SHEON,139,2495196,2495528,-,,conserved hypothetical protein (NCBI ptt file),0.4505,37,0.092013888888889,1,0.140540540540541,Dhypo
Shewanella oneidensis MR-1,MR1,201543,SO2399,SO_2399,NP_717989.1,tr|Q8EEI3|Q8EEI3_SHEON,139,2503170,2504330,-,,conserved hypothetical protein (NCBI ptt file),0.4539,0,0,0,0,Dhypo
Shewanella oneidensis MR-1,MR1,201544,SO2400,SO_2400,NP_717990.1,tr|Q8EEI2|Q8EEI2_SHEON,139,2504332,2504607,-,,conserved hypothetical protein (NCBI ptt file),0.4529,21,0.060930802204532,1,0.169565217391304,Dhypo
Shewanella oneidensis MR-1,MR1,201546,SO2402,SO_2402,NP_717992.1,tr|Q8EEI0|Q8EEI0_SHEON,139,2505090,2506757,-,rpsA,ribosomal protein S1 (NCBI ptt file),0.4466,0,0,0,0,Arole
Shewanella oneidensis MR-1,MR1,201554,SO2410,SO_2410,NP_718000.2,sp|Q8EEH2|SERC_SHEON,139,2514676,2515779,-,serC,phosphoserine aminotransferase (NCBI ptt file),0.4683,0,0,0,0,Arole
Shewanella oneidensis MR-1,MR1,201555,SO2411,SO_2411,NP_718001.1,tr|Q8EEH1|Q8EEH1_SHEON,139,2515879,2518638,-,gyrA,"DNA gyrase, A subunit (NCBI ptt file)",0.4928,7,0.00166015625,1,0.01695652173913,Arole
Shewanella oneidensis MR-1,MR1,201557,SO2413,SO_2413,NP_718003.1,sp|Q8EEG9|UBIG_SHEON,139,2519024,2519734,+,ubiG,3-demethylubiquinone-9 3-methyltransferase (NCBI ptt file),0.4557,0,0,0,0,Arole
Shewanella oneidensis MR-1,MR1,201559,SO2415,SO_2415,NP_718005.1,tr|Q8EEG7|Q8EEG7_SHEON,139,2520877,2523165,+,nrdA,"ribonucleoside-diphosphate reductase, alpha subunit (NCBI ptt file)",0.4635,0,0,0,0,Arole
Shewanella oneidensis MR-1,MR1,201560,SO2416,SO_2416,NP_718006.1,tr|Q8EEG6|Q8EEG6_SHEON,139,2523226,2524356,+,nrdB,"ribonucleoside-diphosphate reductase, beta subunit (NCBI ptt file)",0.4615,0,0,0,0,Bspecific
Shewanella oneidensis MR-1,MR1,201577,SO2433,SO_2433,NP_718023.1,sp|Q8EEE9|SYD_SHEON,139,2541563,2543338,-,aspS,aspartyl-tRNA synthetase (NCBI ptt file),0.4769,52,0.023629845058417,0,0,Arole
Shewanella oneidensis MR-1,MR1,201612,SO2471,SO_2471,NP_718058.1,sp|Q8EEB6|DAPE_SHEON,139,2593058,2594212,+,dapE,succinyl-diaminopimelate desuccinylase (NCBI ptt file),0.5238,5,0.002403930604168,0,0,Arole
Shewanella oneidensis MR-1,MR1,201619,SO2478,SO_2478,NP_718065.1,sp|Q8EEA9|KDSB_SHEON,139,2599356,2600093,+,kdsB,3-deoxy-D-manno-octulosonate cytidylyltransferase (NCBI ptt file),0.4797,0,0,0,0,Arole
Shewanella oneidensis MR-1,MR1,201649,SO2508,SO_2508,NP_718095.1,sp|Q8EE81|ETCA_SHEON,139,2635623,2636201,+,,RnfAE/NqrDE family protein (NCBI ptt file),0.4629,0,0,0,0,Arole
Shewanella oneidensis MR-1,MR1,201650,SO2509,SO_2509,NP_718096.1,sp|Q8EE80|ETCB_SHEON,139,2636202,2636783,+,,iron-sulfur cluster-binding protein (NCBI ptt file),0.4811,0,0,0,0,Arole
Shewanella oneidensis MR-1,MR1,201652,SO2511,SO_2511,NP_718098.1,sp|Q8EE78|ETCD_SHEON,139,2639225,2640274,+,,"membrane protein, putative (NCBI ptt file)",0.5086,120,0.071407837445573,0,0,Arole
Shewanella oneidensis MR-1,MR1,201653,SO2512,SO_2512,NP_718099.1,sp|Q8EE77|ETCG_SHEON,139,2640329,2640967,+,,conserved hypothetical protein (NCBI ptt file),0.4726,5,0.006289512686846,0,0,Arole
Shewanella oneidensis MR-1,MR1,201654,SO2513,SO_2513,NP_718100.1,sp|Q8EE76|ETCE_SHEON,139,2640960,2641658,+,,NqrDE/RnfAE family protein (NCBI ptt file),0.495,0,0,0,0,Arole
Shewanella oneidensis MR-1,MR1,201699,SO2559,SO_2559,NP_718145.1,tr|Q8EE31|Q8EE31_SHEON,139,2689376,2690104,-,dnaQ-2,"DNA polymerase III, epsilon subunit (NCBI ptt file)",0.465,0,0,0,0,Bspecific
Shewanella oneidensis MR-1,MR1,201726,SO2586,SO_2586,NP_718172.1,tr|Q8EE04|Q8EE04_SHEON,139,2712730,2713440,-,,conserved hypothetical protein (NCBI ptt file),0.4852,0,0,0,0,Arole
Shewanella oneidensis MR-1,MR1,201730,SO2590,SO_2590,NP_718176.1,tr|Q8EE00|Q8EE00_SHEON,139,2717781,2718722,+,,GTP-binding protein (NCBI ptt file),0.4851,133,0.10711853543244,0,0,Bspecific
Shewanella oneidensis MR-1,MR1,201751,SO2612,SO_2612,NP_718197.1,tr|Q8EDX9|Q8EDX9_SHEON,139,2748778,2749734,-,holB,"DNA polymerase III, delta prime subunit (NCBI ptt file)",0.4504,0,0,0,0,Arole
Shewanella oneidensis MR-1,MR1,201752,SO2613,SO_2613,NP_718198.1,sp|Q8EDX8|KTHY_SHEON,139,2749728,2750357,-,tmk,thymidylate kinase (NCBI ptt file),0.4984,0,0,0,0,Arole
Shewanella oneidensis MR-1,MR1,201758,SO2619,SO_2619,NP_718204.1,sp|Q8EDX2|SYM_SHEON,139,2754713,2756743,+,metG,methionyl-tRNA synthetase (NCBI ptt file),0.4894,4,0.001327160020233,0,0,Arole
Shewanella oneidensis MR-1,MR1,201764,SO2625,SO_2625,NP_718210.1,sp|Q8EDW6|IF1_SHEON,139,2760959,2761177,+,infA,translation initiation factor IF-1 (NCBI ptt file),0.4475,0,0,0,0,Arole
Shewanella oneidensis MR-1,MR1,201770,SO2632,,,,139,2768426,2768701,-,,hypothetical protein (NCBI ptt file),0.4275,11,0.025137700691433,1,0.169565217391304,Dhypo
Shewanella oneidensis MR-1,MR1,201771,SO2633,SO_2633,NP_718217.1,sp|Q8CX40|MNMA_SHEON,139,2768717,2769835,+,trmU,tRNA (5-methylaminomethyl-2-thiouridylate)-methyltransferase (NCBI ptt file),0.4844,0,0,0,0,Arole
Shewanella oneidensis MR-1,MR1,201773,SO2635,SO_2635,NP_718219.1,tr|Q8EDV8|Q8EDV8_SHEON,139,2770486,2771856,+,purB,adenylosuccinate lyase (NCBI ptt file),0.4741,0,0,0,0,Arole
Shewanella oneidensis MR-1,MR1,201790,SO2652,SO_2652,NP_718236.1,tr|Q8EDU1|Q8EDU1_SHEON,139,2788307,2789053,-,,"prophage MuSo2, transcriptional regulator, Cro/CI family (NCBI ptt file)",0.4324,0,0,0,0,Cvague
Shewanella oneidensis MR-1,MR1,201791,SO2653,SO_2653,NP_718237.1,tr|Q8EDU0|Q8EDU0_SHEON,139,2789206,2789430,+,,"transcriptional regulator, Ner family (NCBI ptt file)",0.4311,0,0,0,0,Cvague
Shewanella oneidensis MR-1,MR1,201843,SO2705,SO_2705,NP_718289.1,tr|Q8EDN8|Q8EDN8_SHEON,139,2822980,2825616,-,topA,DNA topoisomerase I (NCBI ptt file),0.4816,0,0,0,0,Arole
Shewanella oneidensis MR-1,MR1,201878,SO2740,SO_2740,NP_718324.1,sp|Q8EDK6|BIOB_SHEON,139,2855711,2856763,-,bioB,biotin synthase (NCBI ptt file),0.5033,9,0.006267139712483,2,0.089398280802292,Arole
Shewanella oneidensis MR-1,MR1,201879,SO2741,SO_2741,NP_718325.1,tr|Q8EDK5|Q8EDK5_SHEON,139,2856886,2858271,+,bioA,adenosylmethionine--8-amino-7-oxononanoate aminotransferase (NCBI ptt file),0.5245,373,0.149532588477675,5,0.168831168831169,Arole
Shewanella oneidensis MR-1,MR1,201885,SO2747,SO_2747,NP_718331.1,tr|Q8EDJ9|Q8EDJ9_SHEON,139,2868611,2869144,-,pal,peptidoglycan-associated lipoprotein (NCBI ptt file),0.4494,0,0,0,0,Bspecific
Shewanella oneidensis MR-1,MR1,201886,SO2748,SO_2748,NP_718332.1,sp|Q8EDJ8|TOLB_SHEON,139,2869191,2870519,-,tolB,tolB protein (NCBI ptt file),0.4673,15,0.008316084276008,2,0.070428893905192,Bspecific
Shewanella oneidensis MR-1,MR1,201887,SO2749,SO_2749,NP_718333.1,tr|Q8EDJ7|Q8EDJ7_SHEON,139,2870529,2871566,-,tolA,tolA protein (NCBI ptt file),0.4682,3,0.002134033807683,1,0.045086705202312,Bspecific
Shewanella oneidensis MR-1,MR1,201888,SO2750,SO_2750,NP_718334.1,tr|Q8EDJ6|Q8EDJ6_SHEON,139,2871567,2872001,-,tolR,tolr protein (NCBI ptt file),0.5034,0,0,0,0,Bspecific
Shewanella oneidensis MR-1,MR1,201889,SO2751,SO_2751,NP_718335.1,tr|Q8EDJ5|Q8EDJ5_SHEON,139,2872001,2872687,-,,MotA/TolQ/ExbB proton channel family protein (NCBI ptt file),0.4294,0,0,0,0,Cvague
Shewanella oneidensis MR-1,MR1,201910,SO2775,SO_2775,NP_718356.1,sp|Q8EDH4|ACP_SHEON,139,2897778,2898011,-,acpP,acyl carrier protein (NCBI ptt file),0.4274,0,0,0,0,Arole
Shewanella oneidensis MR-1,MR1,201911,SO2776,SO_2776,NP_718357.1,tr|Q8EDH3|Q8EDH3_SHEON,139,2898175,2898921,-,fabG-1,3-oxoacyl-(acyl-carrier-protein) reductase (NCBI ptt file),0.4592,89,0.089763599853961,0,0,Arole
Shewanella oneidensis MR-1,MR1,201912,SO2777,SO_2777,NP_718358.1,tr|Q8EDH2|Q8EDH2_SHEON,139,2898931,2899857,-,fabD,malonyl CoA-acyl carrier protein transacylase (NCBI ptt file),0.4898,11,0.007767351479427,0,0,Arole
Shewanella oneidensis MR-1,MR1,201913,SO2778,SO_2778,NP_718359.1,sp|Q8EDH1|FABH_SHEON,139,2899962,2900921,-,fabH-1,3-oxoacyl-(acyl-carrier-protein) synthase III (NCBI ptt file),0.4896,24,0.016753022452504,4,0.195,Arole
Shewanella oneidensis MR-1,MR1,201916,SO2781,SO_2781,NP_718362.1,tr|Q8EDG8|Q8EDG8_SHEON,139,2902163,2902687,-,,conserved hypothetical protein (NCBI ptt file),0.4743,0,0,0,0,Dhypo
Shewanella oneidensis MR-1,MR1,201919,SO2787,SO_2787,NP_718365.1,tr|Q8EDG5|Q8EDG5_SHEON,139,2909851,2910060,-,,cold shock domain family protein (NCBI ptt file),0.419,0,0,0,0,Cvague
Shewanella oneidensis MR-1,MR1,201933,SO2801,SO_2801,NP_718379.1,sp|Q8EDF1|LPXK_SHEON,139,2922559,2923566,-,lpxK,tetraacyldisaccharide 4'-kinase (NCBI ptt file),0.499,0,0,0,0,Arole
Shewanella oneidensis MR-1,MR1,201934,SO2802,SO_2802,NP_718380.1,sp|Q8EDF0|MSBA_SHEON,139,2923567,2925372,-,msbA,"ABC transporter, ATP-binding protein MsbA (NCBI ptt file)",0.4718,0,0,0,0,Bspecific
Shewanella oneidensis MR-1,MR1,201957,SO2831,SO_2831,NP_718403.1,sp|Q8EDD1|RIBA_SHEON,139,2948996,2949607,-,ribA,GTP cyclohydrolase II (NCBI ptt file),0.4395,3,0.003121531631521,1,0.076470588235294,Arole
Shewanella oneidensis MR-1,MR1,201968,SO2842,SO_2842,NP_718414.2,tr|Q8EDC0|Q8EDC0_SHEON,139,2959098,2960402,-,,"peptidase, M23/M37 family (NCBI ptt file)",0.4268,0,0,0,0,Cvague
Shewanella oneidensis MR-1,MR1,202007,SO2881,SO_2881,NP_718453.1,tr|Q8ED83|Q8ED83_SHEON,139,3001471,3002055,+,SodB,"superoxide dismutase, Fe (NCBI ptt file)",0.4581,0,0,0,0,Bspecific
Shewanella oneidensis MR-1,MR1,202011,SO2885,SO_2885,NP_718457.1,sp|Q8ED80|FADR_SHEON,139,3007456,3008178,-,fadR,fatty acid metabolism regulator protein (NCBI ptt file),0.4481,13,0.015264631911332,1,0.064730290456432,Bspecific
Shewanella oneidensis MR-1,MR1,202021,SO2895,SO_2895,NP_718467.1,sp|Q8ED71|PDXH_SHEON,139,3016931,3017569,-,pdxH,pyridoxamine 5'-phosphate oxidase (NCBI ptt file),0.471,0,0,0,0,Arole
Shewanella oneidensis MR-1,MR1,202022,SO2896,SO_2896,NP_718468.1,sp|Q8ED70|DNLJ_SHEON,139,3017751,3019820,-,ligA,"DNA ligase, NAD-dependent (NCBI ptt file)",0.5005,0,0,0,0,Arole
Shewanella oneidensis MR-1,MR1,202023,SO2897,SO_2897,NP_718469.1,sp|Q8ED69|ZIPA_SHEON,139,3019919,3020953,-,zipA,cell division protein ZipA (NCBI ptt file),0.4734,70,0.049670314957994,0,0,Arole
Shewanella oneidensis MR-1,MR1,202084,SO2961,SO_2961,NP_718530.1,tr|Q8ED10|Q8ED10_SHEON,139,3096061,3096357,-,,conserved hypothetical protein (NCBI ptt file),0.4512,52,0.143006164058796,1,0.158108108108108,Dhypo
Shewanella oneidensis MR-1,MR1,202113,SO2990,SO_2990,NP_718559.1,tr|Q8ECY1|Q8ECY1_SHEON,139,3113660,3114478,+,,"prophage LambdaSo, transcriptional regulator, Cro/CI family (NCBI ptt file)",0.4493,0,0,0,0,Cvague
Shewanella oneidensis MR-1,MR1,202186,SO3067,SO_3067,NP_718632.1,tr|Q8ECR5|Q8ECR5_SHEON,139,3183345,3184640,-,folC,FolC bifunctional protein (NCBI ptt file),0.5069,7,0.003731248410882,0,0,Arole
Shewanella oneidensis MR-1,MR1,202188,SO3070,SO_3070,NP_718634.1,tr|Q8ECR3|Q8ECR3_SHEON,139,3189108,3190124,-,asd,aspartate semialdehyde dehydrogenese (NCBI ptt file),0.4631,0,0,0,0,Arole
Shewanella oneidensis MR-1,MR1,202190,SO3072,SO_3072,NP_718636.2,tr|Q8ECR1|Q8ECR1_SHEON,139,3191404,3192615,-,fabB,3-oxoacyl-(acyl-carrier-protein) synthase I (NCBI ptt file),0.4752,10,0.005833556328606,1,0.038613861386139,Bspecific
Shewanella oneidensis MR-1,MR1,202246,SO3132,SO_3132,NP_718692.1,tr|Q8ECK6|Q8ECK6_SHEON,139,3262395,3262625,+,,hypothetical protein (NCBI ptt file),0.4805,0,0,0,0,Dhypo
Shewanella oneidensis MR-1,MR1,202264,SO3154,SO_3154,NP_718710.1,sp|Q8ECI8|SYP_SHEON,139,3289870,3291582,+,proS,prolyl-tRNA synthetase (NCBI ptt file),0.4874,0,0,0,0,Arole
Shewanella oneidensis MR-1,MR1,202270,SO3160,SO_3160,NP_718716.1,tr|Q8ECI2|Q8ECI2_SHEON,139,3297547,3298086,-,rfbC,"dTDP-4-dehydrorhamnose 3,5-epimerase (NCBI ptt file)",0.4722,3,0.004349654653936,1,0.088973384030418,Arole
Shewanella oneidensis MR-1,MR1,202275,SO3165,SO_3165,NP_718721.1,tr|Q8ECH7|Q8ECH7_SHEON,139,3301651,3302070,+,,conserved hypothetical protein (NCBI ptt file),0.4476,38,0.076324786324786,1,0.1125,Dhypo
Shewanella oneidensis MR-1,MR1,202345,SO3236,SO_3236,NP_718791.2,tr|Q8ECA7|Q8ECA7_SHEON,139,3375265,3375624,-,flaG,flagellin FlaG (NCBI ptt file),0.4306,23,0.039650391802291,0,0,Bspecific
Shewanella oneidensis MR-1,MR1,202399,SO3291,SO_3291,NP_718845.2,tr|Q8EC53|Q8EC53_SHEON,139,3434995,3435579,-,,cytidine/deoxycytidylate deaminase family protein (NCBI ptt file),0.494,28,0.032419957362749,1,0.08,Cvague
Shewanella oneidensis MR-1,MR1,202416,SO3308,SO_3308,NP_718862.1,sp|Q8EC36|DER_SHEON,139,3458979,3460442,-,engA,GTP-binding protein EngA (NCBI ptt file),0.5055,9,0.004108538703724,0,0,Bspecific
Shewanella oneidensis MR-1,MR1,202417,SO3309,SO_3309,NP_718863.1,sp|Q8EC35|BAMB_SHEON,139,3460522,3461709,-,,PQQ enzyme repeat domain protein (NCBI ptt file),0.4781,0,0,0,0,Arole
Shewanella oneidensis MR-1,MR1,202419,SO3311,SO_3311,NP_718865.1,sp|Q8EC33|SYH_SHEON,139,3462354,3463631,-,hisS,histidyl-tRNA synthetase (NCBI ptt file),0.4781,0,0,0,0,Arole
Shewanella oneidensis MR-1,MR1,202420,SO3312,SO_3312,NP_718866.1,sp|Q8EC32|ISPG_SHEON,139,3463790,3464905,-,ispG,1-hydroxy-2-methyl-2-(E)-butenyl 4-diphosphate synthase (NCBI ptt file),0.491,0,0,0,0,Bspecific
Shewanella oneidensis MR-1,MR1,202455,SO3347,SO_3347,NP_718901.1,sp|Q8EBZ8|YQGF_SHEON,139,3492623,3493048,+,,conserved hypothetical protein TIGR00250 (NCBI ptt file),0.4202,0,0,0,0,Dhypo
Shewanella oneidensis MR-1,MR1,202531,SO3424,SO_3424,NP_718977.1,sp|Q8EBS5|SYV_SHEON,139,3563491,3566367,+,valS,valyl-tRNA synthetase (NCBI ptt file),0.4866,0,0,0,0,Arole
Shewanella oneidensis MR-1,MR1,202534,SO3427,SO_3427,NP_718980.1,tr|Q8EBS2|Q8EBS2_SHEON,139,3568485,3569741,-,,aspartokinase (NCBI ptt file),0.4622,11,0.007268775223682,1,0.037231503579952,Arole
Shewanella oneidensis MR-1,MR1,202535,SO3428,SO_3428,NP_718981.1,sp|Q8EBS1|SYA_SHEON,139,3569751,3572375,-,alaS,alanyl-tRNA synthetase (NCBI ptt file),0.4731,128,0.03681362346263,0,0,Arole
Shewanella oneidensis MR-1,MR1,202544,SO3437,SO_3437,NP_718990.1,sp|Q8EBR3|ISPF_SHEON,139,3581793,3582272,-,ispF,"2C-methyl-D-erythritol 2,4-cyclodiphosphate synthase (NCBI ptt file)",0.5104,0,0,0,0,Bspecific
Shewanella oneidensis MR-1,MR1,202545,SO3438,SO_3438,NP_718991.1,sp|Q8EBR2|ISPD_SHEON,139,3582325,3583074,-,ispD,4-diphosphocytidyl-2C-methyl-D-erythritol synthase (NCBI ptt file),0.4947,2,0.001806254767353,0,0,Bspecific
Shewanella oneidensis MR-1,MR1,202546,SO3439,SO_3439,NP_718992.1,sp|Q8EBR1|FTSB_SHEON,139,3583085,3583384,-,,conserved hypothetical protein (NCBI ptt file),0.46,0,0,0,0,Dhypo
Shewanella oneidensis MR-1,MR1,202547,SO3440,SO_3440,NP_718993.2,sp|Q8EBR0|ENO_SHEON,139,3583485,3584681,-,eno,enolase (NCBI ptt file),0.4762,0,0,0,0,Arole
Shewanella oneidensis MR-1,MR1,202548,SO3441,SO_3441,NP_718994.1,sp|Q8EBQ9|PYRG_SHEON,139,3584994,3586634,-,pyrG,CTP synthase (NCBI ptt file),0.465,0,0,0,0,Arole
Shewanella oneidensis MR-1,MR1,202567,SO3464,SO_3464,NP_719013.1,tr|Q8EBP5|Q8EBP5_SHEON,139,3610267,3611223,-,thiL,thiamin-monophosphate kinase (NCBI ptt file),0.4911,9,0.006206961200355,0,0,Arole
Shewanella oneidensis MR-1,MR1,202568,SO3465,SO_3465,NP_719014.1,sp|Q8EBP4|NUSB_SHEON,139,3611302,3611706,-,nusB,N utilization substance protein B (NCBI ptt file),0.4568,0,0,0,0,Arole
Shewanella oneidensis MR-1,MR1,202569,SO3466,SO_3466,NP_719015.1,sp|Q8EBP3|RISB_SHEON,139,3611721,3612197,-,ribH,"riboflavin synthase, beta subunit (NCBI ptt file)",0.4591,0,0,0,0,Arole
Shewanella oneidensis MR-1,MR1,202572,SO3469,SO_3469,NP_719018.1,tr|Q8EBP0|Q8EBP0_SHEON,139,3614172,3615317,-,ribD,riboflavin biosynthesis protein RibD (NCBI ptt file),0.514,0,0,0,0,Arole
Shewanella oneidensis MR-1,MR1,202630,SO3529,SO_3529,NP_719076.1,sp|Q8EBI7|ISPH_SHEON,139,3683909,3684865,-,lytB,penicillin tolerance protein LytB (NCBI ptt file),0.4577,14,0.010548881234803,1,0.048902821316614,Bspecific
Shewanella oneidensis MR-1,MR1,202632,SO3531,SO_3531,NP_719078.1,sp|Q8EBI5|LSPA_SHEON,139,3685286,3685798,-,lspA,lipoprotein signal peptidase (NCBI ptt file),0.4094,0,0,0,0,Arole
Shewanella oneidensis MR-1,MR1,202633,SO3532,SO_3532,NP_719079.1,sp|Q8EBI4|SYI_SHEON,139,3685808,3688630,-,ileS,isoleucyl-tRNA synthetase (NCBI ptt file),0.4761,0,0,0,0,Arole
Shewanella oneidensis MR-1,MR1,202634,SO3533,SO_3533,NP_719080.1,tr|Q8EBI3|Q8EBI3_SHEON,139,3688663,3689598,-,ribF,riboflavin biosynthesis protein RibF (NCBI ptt file),0.4679,0,0,0,0,Arole
Shewanella oneidensis MR-1,MR1,202635,SO3534,SO_3534,NP_719081.1,tr|Q8EBI2|Q8EBI2_SHEON,139,3689664,3691223,-,mviN,MviN protein (NCBI ptt file),0.4436,0,0,0,0,Arole
Shewanella oneidensis MR-1,MR1,202638,SO3537,SO_3537,NP_719084.1,sp|Q8EBH9|RS20_SHEON,139,3691476,3691742,+,rpsT,ribosomal protein S20 (NCBI ptt file),0.4607,0,0,0,0,Arole
Shewanella oneidensis MR-1,MR1,202647,SO3546,SO_3546,NP_719093.1,sp|Q8EBH2|TAL_SHEON,139,3703102,3704058,+,tal,transaldolase (NCBI ptt file),0.4284,173,0.112103679703772,4,0.195611285266458,Arole
Shewanella oneidensis MR-1,MR1,202648,SO3547,SO_3547,NP_719094.1,sp|Q8EBH1|G6PI_SHEON,139,3704079,3705716,+,pgi,glucose-6-phosphate isomerase (NCBI ptt file),0.4451,130,0.067229627561821,5,0.142857142857143,Bspecific
Shewanella oneidensis MR-1,MR1,202678,SO3580,SO_3580,NP_719124.2,tr|Q8EBE4|Q8EBE4_SHEON,139,3746988,3747794,+,,conserved hypothetical protein (NCBI ptt file),0.4164,0,0,0,0,Arole
Shewanella oneidensis MR-1,MR1,202732,SO3636,SO_3636,NP_719178.1,sp|Q8EB96|LPTD_SHEON,139,3793820,3796117,+,imp,organic solvent tolerance protein (NCBI ptt file),0.45,0,0,0,0,Bspecific
Shewanella oneidensis MR-1,MR1,202733,SO3637,SO_3637,NP_719179.1,sp|Q8EB95|SURA_SHEON,139,3796338,3797642,+,surA,survival protein surA (NCBI ptt file),0.4651,0,0,0,0,Bspecific
Shewanella oneidensis MR-1,MR1,202734,SO3638,SO_3638,NP_719180.1,sp|Q8EB94|PDXA_SHEON,139,3797649,3798635,+,pdxA,pyridoxal phosphate biosynthetic protein PdxA (NCBI ptt file),0.4904,0,0,0,0,Arole
Shewanella oneidensis MR-1,MR1,202742,SO3646,SO_3646,NP_719188.1,tr|Q8EB86|Q8EB86_SHEON,139,3803928,3804410,-,folA,dihydrofolate reductase (NCBI ptt file),0.4389,0,0,0,0,Bspecific
Shewanella oneidensis MR-1,MR1,202743,SO3647,SO_3647,NP_719189.1,tr|Q8EB85|Q8EB85_SHEON,139,3804433,3804906,-,,conserved hypothetical protein (NCBI ptt file),0.4789,4,0.007003133762164,1,0.099574468085106,Dhypo
Shewanella oneidensis MR-1,MR1,202745,SO3649,SO_3649,NP_719191.1,sp|Q8EB83|OBG_SHEON,139,3805692,3806858,-,,"GTP-binding protein, GTP1/Obg family (NCBI ptt file)",0.4722,0,0,0,0,Cvague
Shewanella oneidensis MR-1,MR1,202747,SO3651,SO_3651,NP_719193.1,sp|Q8EB81|RL27_SHEON,139,3807071,3807325,-,rpmA,ribosomal protein L27 (NCBI ptt file),0.4353,0,0,0,0,Arole
Shewanella oneidensis MR-1,MR1,202748,SO3652,SO_3652,NP_719194.1,sp|Q8EB80|RL21_SHEON,139,3807340,3807651,-,rplU,ribosomal protein L21 (NCBI ptt file),0.4391,0,0,0,0,Arole
Shewanella oneidensis MR-1,MR1,202749,SO3653,SO_3653,NP_719195.2,tr|Q8EB79|Q8EB79_SHEON,139,3807924,3808895,+,ispB,octaprenyl-diphosphate synthase (NCBI ptt file),0.4712,0,0,0,0,Bspecific
Shewanella oneidensis MR-1,MR1,202839,SO3746,SO_3746,NP_719285.1,tr|Q8EAZ1|Q8EAZ1_SHEON,139,3891551,3892477,+,htrB,lipid A biosynthesis lauroyl acyltransferase (NCBI ptt file),0.4876,0,0,0,0,Arole
Shewanella oneidensis MR-1,MR1,202914,SO3827,SO_3827,NP_719360.1,sp|Q8EAR9|KDSA_SHEON,139,3977374,3978222,-,kdsA,2-dehydro-3-deoxyphosphooctonate aldolase (NCBI ptt file),0.4441,37,0.036865420657674,0,0,Arole
Shewanella oneidensis MR-1,MR1,202920,SO3833,SO_3833,NP_719366.1,sp|Q8EAR3|RF1_SHEON,139,3982400,3983491,-,prfA,peptide chain release factor 1 (NCBI ptt file),0.5082,0,0,0,0,Arole
Shewanella oneidensis MR-1,MR1,202921,SO3834,SO_3834,NP_719367.1,sp|Q8EAR2|HEM1_SHEON,139,3983506,3984756,-,hemA,glutamyl-tRNA reductase (NCBI ptt file),0.4828,0,0,0,0,Arole
Shewanella oneidensis MR-1,MR1,202922,SO3835,SO_3835,NP_719368.1,sp|Q8EAR1|LOLB_SHEON,139,3985011,3985655,+,lolB,outer membrane lipoprotein LolB (NCBI ptt file),0.4946,167,0.177315909384,0,0,Arole
Shewanella oneidensis MR-1,MR1,202923,SO3836,SO_3836,NP_719369.1,sp|Q8EAR0|ISPE_SHEON,139,3985657,3986511,+,ispE,4-diphosphocytidyl-2C-methyl-D-erythritol kinase (NCBI ptt file),0.5018,0,0,0,0,Bspecific
Shewanella oneidensis MR-1,MR1,202924,SO3837,SO_3837,NP_719370.1,sp|Q8EAQ9|KPRS_SHEON,139,3986624,3987571,+,prsA,ribose-phosphate pyrophosphokinase (NCBI ptt file),0.4895,8,0.005665220855094,0,0,Arole
Shewanella oneidensis MR-1,MR1,202982,SO3897,SO_3897,NP_719428.1,tr|Q8EAK5|Q8EAK5_SHEON,139,4043363,4045639,-,parC,"DNA topoisomerase IV, A subunit (NCBI ptt file)",0.4783,112,0.042294967017893,0,0,Arole
Shewanella oneidensis MR-1,MR1,202984,SO3899,SO_3899,NP_719430.1,tr|Q8EAK3|Q8EAK3_SHEON,139,4046861,4048747,-,parE,"DNA topoisomerase IV, B subunit (NCBI ptt file)",0.4727,309,0.124883725405919,0,0,Arole
Shewanella oneidensis MR-1,MR1,203002,SO3917,SO_3917,NP_719448.1,tr|Q8EAI5|Q8EAI5_SHEON,139,4063438,4064844,-,dnaB,replicative DNA helicase (NCBI ptt file),0.4989,9,0.004301511528534,0,0,Arole
Shewanella oneidensis MR-1,MR1,203013,SO3928,SO_3928,NP_719459.1,sp|Q8EAH4|RS18_SHEON,139,4075169,4075396,-,rpsR,ribosomal protein S18 (NCBI ptt file),0.4298,0,0,0,0,Arole
Shewanella oneidensis MR-1,MR1,203014,SO3929,SO_3929,NP_719460.1,sp|Q8EAH3|PRIB_SHEON,139,4075408,4075713,-,priB,primosomal replication protein n (NCBI ptt file),0.4412,0,0,0,0,Arole
Shewanella oneidensis MR-1,MR1,203015,SO3930,SO_3930,NP_719461.1,sp|Q8EAH2|RS6_SHEON,139,4075722,4076117,-,rpsF,ribosomal protein S6 (NCBI ptt file),0.4823,0,0,0,0,Arole
Shewanella oneidensis MR-1,MR1,203024,SO3939,SO_3939,NP_719470.1,sp|Q8EAG3|RS9_SHEON,139,4084417,4084809,-,rpsI,ribosomal protein S9 (NCBI ptt file),0.4758,0,0,0,0,Bspecific
Shewanella oneidensis MR-1,MR1,203025,SO3940,SO_3940,NP_719471.1,sp|Q8EAG2|RL13_SHEON,139,4084824,4085252,-,rplM,ribosomal protein L13 (NCBI ptt file),0.4592,0,0,0,0,Arole
Shewanella oneidensis MR-1,MR1,203027,SO3942,SO_3942,NP_719473.1,tr|Q8EAG0|Q8EAG0_SHEON,139,4087110,4088462,+,,"serine protease, HtrA/DegQ/DegS family (NCBI ptt file)",0.4982,25,0.012259082381034,1,0.034589800443459,Cvague
Shewanella oneidensis MR-1,MR1,203032,SO3948,SO_3948,NP_719478.1,sp|Q8EAF7|MURA_SHEON,139,4093440,4094699,-,murA,UDP-N-acetylglucosamine 1-carboxyvinyltransferase (NCBI ptt file),0.5048,0,0,0,0,Arole
Shewanella oneidensis MR-1,MR1,203040,SO3956,SO_3956,NP_719486.1,tr|Q8EAF0|Q8EAF0_SHEON,139,4098645,4099622,+,,"carbohydrate isomerase, KpsF/GutQ family (NCBI ptt file)",0.501,0,0,0,0,Arole
Shewanella oneidensis MR-1,MR1,203041,SO3957,SO_3957,NP_719487.1,tr|Q8EAE9|Q8EAE9_SHEON,139,4099622,4100173,+,,conserved hypothetical protein (NCBI ptt file),0.4909,23,0.027722661562746,1,0.085557586837294,Arole
Shewanella oneidensis MR-1,MR1,203042,SO3958,SO_3958,NP_719488.1,tr|Q8EAE8|Q8EAE8_SHEON,139,4100170,4100730,+,,conserved hypothetical protein (NCBI ptt file),0.4492,0,0,0,0,Dhypo
Shewanella oneidensis MR-1,MR1,203043,SO3959,SO_3959,NP_719489.1,tr|Q8EAE7|Q8EAE7_SHEON,139,4100717,4101268,+,,conserved hypothetical protein (NCBI ptt file),0.4529,0,0,0,0,Dhypo
Shewanella oneidensis MR-1,MR1,203044,SO3960,SO_3960,NP_719490.1,tr|Q8EAE6|Q8EAE6_SHEON,139,4101265,4101996,+,,"ABC transporter, ATP-binding protein (NCBI ptt file)",0.4645,0,0,0,0,Bspecific
Shewanella oneidensis MR-1,MR1,203112,SO4028,SO_4028,NP_719558.1,sp|Q8EA81|SSB_SHEON,139,4182420,4183136,-,ssb,single-strand binding protein (NCBI ptt file),0.5342,0,0,0,0,Arole
Shewanella oneidensis MR-1,MR1,203180,SO4096,SO_4096,NP_719626.1,tr|Q8EA13|Q8EA13_SHEON,139,4254528,4255016,-,mreD,rod shape-determining protein MreD (NCBI ptt file),0.4642,37,0.053446227142946,0,0,Arole
Shewanella oneidensis MR-1,MR1,203181,SO4097,SO_4097,NP_719627.1,tr|Q8EA12|Q8EA12_SHEON,139,4255016,4256083,-,mreC,rod shape-determining protein MreC (NCBI ptt file),0.515,10,0.005582003659477,1,0.043861293345829,Arole
Shewanella oneidensis MR-1,MR1,203182,SO4098,SO_4098,NP_719628.1,tr|Q8EA11|Q8EA11_SHEON,139,4256128,4257177,-,mreB,rod shape-determining protein MreB (NCBI ptt file),0.4867,0,0,0,0,Arole
Shewanella oneidensis MR-1,MR1,203205,SO4122,SO_4122,NP_719651.1,tr|Q8E9Y8|Q8E9Y8_SHEON,139,4280594,4282807,+,priA,primosomal protein N' (NCBI ptt file),0.5041,57,0.017928944298019,8,0.169105691056911,Arole
Shewanella oneidensis MR-1,MR1,203206,SO4123,SO_4123,NP_719652.1,sp|Q8E9Y7|SYR_SHEON,139,4282919,4284664,+,argS,arginyl-tRNA synthetase (NCBI ptt file),0.4931,7,0.002621105333406,0,0,Arole
Shewanella oneidensis MR-1,MR1,203207,SO4124,SO_4124,NP_719653.1,tr|Q8E9Y6|Q8E9Y6_SHEON,139,4284668,4285363,+,,"cell division protein FtsN, putative (NCBI ptt file)",0.5072,0,0,0,0,Bspecific
Shewanella oneidensis MR-1,MR1,203272,SO4190,SO_4190,NP_719718.1,tr|Q8E9S6|Q8E9S6_SHEON,139,4358916,4359836,+,ppaC,"inorganic pyrophosphatase, manganese-dependent (NCBI ptt file)",0.4788,9,0.008041057495644,0,0,Bspecific
Shewanella oneidensis MR-1,MR1,203281,SO4199,SO_4199,NP_719727.1,sp|Q8E9R7|UBIE_SHEON,139,4366790,4367545,+,ubiE,ubiquinone/menaquinone biosynthesis methlytransferase UbiE (NCBI ptt file),0.4788,0,0,0,0,Arole
Shewanella oneidensis MR-1,MR1,203282,SO4200,SO_4200,NP_719728.2,tr|Q8E9R6|Q8E9R6_SHEON,139,4367548,4368165,+,,conserved hypothetical protein (NCBI ptt file),0.4693,59,0.073776185991942,1,0.076221498371336,Dhypo
Shewanella oneidensis MR-1,MR1,203283,SO4201,SO_4201,NP_719729.1,sp|Q8E9R5|UBIB_SHEON,139,4368162,4369811,+,aarF,ubiquinone biosynthesis protein AarF (NCBI ptt file),0.4515,2,0.001006227217497,1,0.028432563791009,Arole
Shewanella oneidensis MR-1,MR1,203293,SO4211,SO_4211,NP_719739.1,sp|Q8E9Q5|SECA_SHEON,139,4383076,4385802,-,secA,"preprotein translocase, SecA subunit (NCBI ptt file)",0.4661,683,0.162045496395133,0,0,Arole
Shewanella oneidensis MR-1,MR1,203296,SO4214,SO_4214,NP_719742.1,sp|Q8E9Q2|LPXC_SHEON,139,4387250,4388170,-,lpxC,UDP-3-0-acyl N-acetylglucosamine deacetylase (NCBI ptt file),0.4658,0,0,0,0,Arole
Shewanella oneidensis MR-1,MR1,203297,SO4215,SO_4215,NP_719743.1,tr|Q8E9Q1|Q8E9Q1_SHEON,139,4388350,4389537,-,ftsZ,cell division protein FtsZ (NCBI ptt file),0.5076,0,0,0,0,Arole
Shewanella oneidensis MR-1,MR1,203298,SO4216,SO_4216,NP_719744.1,tr|Q8E9Q0|Q8E9Q0_SHEON,139,4389565,4390800,-,ftsA,cell division protein FtsA (NCBI ptt file),0.5065,0,0,0,0,Arole
Shewanella oneidensis MR-1,MR1,203299,SO4217,SO_4217,NP_719745.1,sp|Q8E9P9|FTSQ_SHEON,139,4390781,4391569,-,ftsQ,cell division protein FtsQ (NCBI ptt file),0.4689,0,0,0,0,Bspecific
Shewanella oneidensis MR-1,MR1,203300,SO4218,SO_4218,NP_719746.1,sp|Q8E9P8|MURC_SHEON,139,4391681,4393147,-,murC,UDP-N-acetylmuramate--alanine ligase (NCBI ptt file),0.4969,247,0.112907494286058,0,0,Arole
Shewanella oneidensis MR-1,MR1,203301,SO4219,SO_4219,NP_719747.1,sp|Q8CX35|MURG_SHEON,139,4393150,4394238,-,murG,UDP-N-acetylglucosamine--N-acetylmuramyl-(pentapeptide) pyrophosphoryl-undecaprenol N-acetylglucosamine transferase (NCBI ptt file),0.5179,0,0,0,0,Arole
Shewanella oneidensis MR-1,MR1,203302,SO4220,SO_4220,NP_719748.1,tr|Q8E9P7|Q8E9P7_SHEON,139,4394238,4395449,-,ftsW,cell division protein FtsW (NCBI ptt file),0.4975,220,0.122950402281291,1,0.039,Bspecific
Shewanella oneidensis MR-1,MR1,203303,SO4221,SO_4221,NP_719749.1,sp|Q8E9P6|MURD_SHEON,139,4395439,4396758,-,murD,UDP-N-acetylmuramoylalanine--D-glutamate ligase (NCBI ptt file),0.5068,0,0,0,0,Arole
Shewanella oneidensis MR-1,MR1,203304,SO4222,SO_4222,NP_719750.1,sp|Q8E9P5|MRAY_SHEON,139,4396765,4397847,-,mraY,phospho-N-acetylmuramoyl-pentapeptide-transferase (NCBI ptt file),0.4765,0,0,0,0,Arole
Shewanella oneidensis MR-1,MR1,203305,SO4223,SO_4223,NP_719751.1,tr|Q8E9P4|Q8E9P4_SHEON,139,4397848,4399230,-,murF,"UDP-N-acetylmuramoylalanyl-D-glutamyl-2,6-diaminopimelate--D-alanyl-D-alanyl ligase (NCBI ptt file)",0.4917,0,0,0,0,Arole
Shewanella oneidensis MR-1,MR1,203306,SO4224,SO_4224,NP_719752.2,sp|Q8E9P3|MURE_SHEON,139,4399230,4400705,-,murE,"UDP-N-acetylmuramoylalanyl-D-glutamate--2,6-diaminopimelate ligase (NCBI ptt file)",0.5183,0,0,0,0,Arole
Shewanella oneidensis MR-1,MR1,203307,SO4225,SO_4225,NP_719753.1,tr|Q8E9P2|Q8E9P2_SHEON,139,4400705,4402456,-,ftsI,peptidoglycan synthetase FtsI (NCBI ptt file),0.5023,80,0.031947136293763,0,0,Bspecific
Shewanella oneidensis MR-1,MR1,203308,SO4226,SO_4226,NP_719754.1,sp|Q8E9P1|FTSL_SHEON,139,4402470,4402784,-,ftsL,cell division protein FtsL (NCBI ptt file),0.4857,2,0.004841891963952,0,0,Arole
Shewanella oneidensis MR-1,MR1,203328,SO4247,SO_4247,NP_719774.1,sp|Q8E9M3|RL28_SHEON,139,4424918,4425154,-,rpmB,ribosomal protein L28 (NCBI ptt file),0.4388,0,0,0,0,Arole
Shewanella oneidensis MR-1,MR1,203330,SO4249,SO_4249,NP_719776.2,tr|Q8E9M1|Q8E9M1_SHEON,139,4426076,4427302,+,dfp,DNA/pantothenate metabolism flavoprotein (NCBI ptt file),0.5126,15,0.007892910442683,0,0,Arole
Shewanella oneidensis MR-1,MR1,203335,SO4254,SO_4254,NP_719781.1,sp|Q8E9L6|GCH1_SHEON,139,4430777,4431427,+,folE,GTP cyclohydrolase I (NCBI ptt file),0.4777,54,0.069649903343641,0,0,Arole
Shewanella oneidensis MR-1,MR1,203387,SO4308,SO_4308,NP_719833.1,sp|Q8E9H5|DAPF_SHEON,139,4485191,4486018,-,dapF,diaminopimelate epimerase (NCBI ptt file),0.5121,4,0.003018447235018,1,0.056521739130435,Arole
Shewanella oneidensis MR-1,MR1,203392,SO4313,SO_4313,NP_719838.1,sp|Q8E9H0|HEM3_SHEON,139,4490624,4491556,+,hemC,porphobilinogen deaminase (NCBI ptt file),0.508,2,0.001356809008805,0,0,Arole
Shewanella oneidensis MR-1,MR1,203393,SO4314,SO_4314,NP_719839.1,tr|Q8E9G9|Q8E9G9_SHEON,139,4491561,4492301,+,hemD,uroporphyrinogen-III synthase (NCBI ptt file),0.4966,81,0.075606874703052,1,0.063157894736842,Bspecific
Shewanella oneidensis MR-1,MR1,203404,SO4325,SO_4325,NP_719850.1,tr|Q8E9F8|Q8E9F8_SHEON,139,4515491,4517506,-,rep,ATP-dependent DNA helicase Rep (NCBI ptt file),0.4861,6,0.002245438214995,0,0,Arole
Shewanella oneidensis MR-1,MR1,203407,SO4329,SO_4329,NP_719853.1,tr|Q8E9F5|Q8E9F5_SHEON,139,4522763,4523017,+,,conserved hypothetical protein (NCBI ptt file),0.4549,0,0,0,0,Dhypo
Shewanella oneidensis MR-1,MR1,203656,SO4586,SO_4586,NP_720102.1,tr|Q8E8S5|Q8E8S5_SHEON,139,4780987,4782519,-,ftsY,cell division protein FtsY (NCBI ptt file),0.4932,2,0.000851460183652,1,0.030528375733855,Arole
Shewanella oneidensis MR-1,MR1,203672,SO4602,SO_4602,NP_720118.1,sp|Q8E8Q9|PLSB_SHEON,139,4796591,4799020,-,plsB,glycerol-3-phosphate acyltransferase (NCBI ptt file),0.4564,0,0,0,0,Arole
Shewanella oneidensis MR-1,MR1,203736,SO4667,SO_4667,NP_720182.1,sp|Q8E8J7|ENGB_SHEON,139,4864111,4864770,+,engB,GTP-binding protein EngB (NCBI ptt file),0.4591,58,0.065513749318377,0,0,Bspecific
Shewanella oneidensis MR-1,MR1,203738,SO4669,SO_4669,NP_720184.1,tr|Q8E8J5|Q8E8J5_SHEON,139,4865820,4868588,-,polA,DNA polymerase I (NCBI ptt file),0.4782,88,0.028508911690353,0,0,Arole
Shewanella oneidensis MR-1,MR1,203746,SO4677,SO_4677,NP_720192.1,tr|Q8E8I7|Q8E8I7_SHEON,139,4875707,4876459,-,,conserved hypothetical protein (NCBI ptt file),0.5033,196,0.189813055470426,0,0,Dhypo
Shewanella oneidensis MR-1,MR1,203753,SO4684,SO_4684,NP_720200.1,sp|Q8E8I0|COAD_SHEON,139,4882671,4883162,+,coaD,phosphopantetheine adenylyltransferase (NCBI ptt file),0.4959,8,0.011135656643073,0,0,Arole
Shewanella oneidensis MR-1,MR1,203810,SO4741,SO_4741,NP_720257.1,sp|Q8CX33|GLMS_SHEON,139,4951368,4953197,-,glmS,glucosamine--fructose-6-phosphate aminotransferase (isomerizing) (NCBI ptt file),0.4973,0,0,0,0,Bspecific
Shewanella oneidensis MR-1,MR1,203814,SO4745,SO_4745,NP_720261.1,sp|Q8E8C2|GLMU_SHEON,139,4956626,4957990,-,glmU,UDP-N-acetylglucosamine pyrophosphorylase (NCBI ptt file),0.4777,0,0,0,0,Bspecific
Shewanella oneidensis MR-1,MR1,203815,SO4746,SO_4746,NP_720262.1,sp|Q8E8C1|ATPE_SHEON,139,4958161,4958589,-,atpC,"ATP synthase F1, epsilon subunit (NCBI ptt file)",0.4709,0,0,0,0,Arole
Shewanella oneidensis MR-1,MR1,203816,SO4747,SO_4747,NP_720263.1,sp|Q8E8C0|ATPB_SHEON,139,4958626,4960017,-,atpD,"ATP synthase F1, beta subunit (NCBI ptt file)",0.4763,0,0,0,0,Arole
Shewanella oneidensis MR-1,MR1,203817,SO4748,SO_4748,NP_720264.1,sp|Q8E8B9|ATPG_SHEON,139,4960053,4960913,-,atpG,"ATP synthase F1, gamma subunit (NCBI ptt file)",0.4785,0,0,0,0,Arole
Shewanella oneidensis MR-1,MR1,203818,SO4749,SO_4749,NP_720265.1,sp|Q8E8B8|ATPA_SHEON,139,4960964,4962505,-,atpA,"ATP synthase F1, alpha subunit (NCBI ptt file)",0.4767,14,0.007099953757048,2,0.060700389105058,Arole
Shewanella oneidensis MR-1,MR1,203819,SO4750,SO_4750,NP_720266.1,sp|Q8E8B7|ATPD_SHEON,139,4962520,4963053,-,atpH,"ATP synthase F1, delta subunit (NCBI ptt file)",0.4682,0,0,0,0,Arole
Shewanella oneidensis MR-1,MR1,203820,SO4751,SO_4751,NP_720267.1,sp|Q8E8B6|ATPF_SHEON,139,4963070,4963540,-,atpF,"ATP synthase F0, B subunit (NCBI ptt file)",0.4692,0,0,0,0,Arole
Shewanella oneidensis MR-1,MR1,203821,SO4752,SO_4752,NP_720268.1,sp|Q8E8B5|ATPL_SHEON,139,4963579,4963830,-,atpE,"ATP synthase F0, C subunit (NCBI ptt file)",0.4921,0,0,0,0,Arole
Shewanella oneidensis MR-1,MR1,203822,SO4753,SO_4753,NP_720269.1,sp|Q8E8B4|ATP6_SHEON,139,4963901,4964695,-,atpB,"ATP synthase F0, A subunit (NCBI ptt file)",0.4327,2,0.001561295165308,1,0.058867924528302,Arole
Shewanella oneidensis MR-1,MR1,203823,SO4754,SO_4754,NP_720270.1,tr|Q8E8B3|Q8E8B3_SHEON,139,4964708,4965091,-,atpI,ATP synthase protein I (NCBI ptt file),0.4583,0,0,0,0,Bspecific
Shewanella oneidensis MR-1,MR1,203828,SOA0001,SO_A0001,NP_720340.1,tr|Q8E8A8|Q8E8A8_SHEON,140,608,1489,+,,replication protein RepA (NCBI ptt file),0.4615,0,0,0,0,Bspecific
Shewanella oneidensis MR-1,MR1,203882,SO_A0058,SO_A0058,NP_720394.2,tr|Q8E867|Q8E867_SHEON,140,47238,47987,+,,hypothetical protein (NCBI),0.444,42,0.047197324414716,1,0.0624,Dhypo
Shewanella oneidensis MR-1,MR1,370220,SO0207,SO_0207,NP_715848.3,sp|Q8EK90|MURI_SHEON,139,214726,215634,+,murI,glutamate racemase (NCBI ptt file),0.4631,101,0.086151368760064,0,0,Arole
Shewanella oneidensis MR-1,MR1,370241,SO2495.1,SO_4783,YP_007001358.1,tr|K4PTZ4|K4PTZ4_SHEON,139,2621861,2622436,+,,hypothetical protein (NCBI ptt file),0.4167,8,0.006629834254144,1,0.08125,Dhypo
Shewanella oneidensis MR-1,MR1,370257,SO1927.1,SO_4778,YP_007001349.1,tr|K4PSF7|K4PSF7_SHEON,139,2031261,2031614,+,,"hypothetical succinate dehydrogenase, hydrophobic subunit (NCBI ptt file)",0.4689,0,0,0,0,Arole
Shewanella oneidensis MR-1,MR1,370263,SO3128.2,SO_3130,YP_007001384.1,tr|K4PSJ0|K4PSJ0_SHEON,139,3260639,3261190,-,,hypothetical glutamate tRNA synthetase (NCBI ptt file),0.471,0,0,0,0,Cvague
Shewanella oneidensis MR-1,MR1,370288,SO1295.2,SO_1296,YP_007001337.1,tr|K4PW05|K4PW05_SHEON,139,1346496,1346972,-,,hypothetical tRNA nucleotidyl transferase (NCBI ptt file),0.4528,4,0.006729452344318,0,0,Cvague
Shewanella oneidensis MR-1,MR1,370304,SO1523,SO_1523,NP_717140.2,sp|Q8EGS1|NADK_SHEON,139,1599467,1600345,-,,conserved hypothetical protein (NCBI ptt file),0.4903,0,0,0,0,Dhypo
Shewanella oneidensis MR-1,MR1,370323,SO0301.1,,,,139,307638,307859,-,,conserved hypothetical protein (NCBI ptt file),0.5586,0,0,0,0,Dhypo
